id,ipo_id,object_id,valuation_amount,valuation_currency_code,raised_amount,raised_currency_code,public_at,stock_symbol,source_url,source_description
1,1,c:1654,0,USD,0,USD,12/19/80,NASDAQ:AAPL,,
2,2,c:1242,0,USD,0,,3/13/86,NASDAQ:MSFT,,
3,3,c:342,0,USD,0,,6/9/69,NYSE:DIS,,
4,4,c:59,0,USD,0,,8/25/04,NASDAQ:GOOG,,
5,5,c:317,1E+11,USD,0,,5/1/97,NASDAQ:AMZN,,
6,6,c:1438,350000000,USD,87000000,USD,9/29/06,SFLY,http://www.nasdaq.com/markets/ipos/company/shutterfly-inc-158820-50538,
7,7,c:2644,160000000,USD,0,,5/1/06,DIVX,,
8,8,c:2584,0,USD,0,USD,3/1/04,OPESF,,
9,9,c:2720,0,USD,0,,12/2/99,XOXO,,
10,11,c:3316,6000000000,USD,0,USD,8/12/88,NASDAQ:BMC,,
11,12,c:2537,0,USD,0,USD,3/19/93,NASDAQ:INTU,,
12,13,c:475,235000000,USD,0,,7/27/10,KITD,,
13,14,c:283,0,USD,0,USD,8/22/86,NASDAQ:ADBE,,
14,15,c:3619,0,USD,0,,1/1/00,CMNN,,
15,16,c:3658,2000000000,USD,0,,1/1/92,BKS,,
16,17,c:108,0,USD,254111,EUR,6/22/07,BLNX,,
17,18,c:3754,0,JPY,0,JPY,6/16/87,FORR,http://ttwxos.com/,cjhznoa
18,19,c:3952,0,USD,0,,1/1/00,TSG,,
19,20,c:4018,4000000000,USD,0,,8/5/05,NASDAQ:BIDU,,
20,21,c:2335,0,JPY,0,JPY,5/23/02,NASDAQ:NFLX,http://hbr.org/product/netflix-going-public/an/E155-PDF-ENG,Harvard Business Review
21,22,c:29,0,USD,0,USD,4/12/96,NASDAQ:YHOO,,
22,24,c:351,0,USD,0,USD,12/4/09,NYSE:AOL,,
23,25,c:424,0,USD,0,,9/29/99,NASDAQ:AKAM,,
24,26,c:20,0,USD,0,USD,10/2/98,NASDAQ:EBAY,,
25,27,c:1972,110000000,USD,0,USD,7/2/04,NYSE:CRM,,
26,28,c:966,0,USD,0,USD,4/11/86,NYSE:EMC,,
27,29,c:500,100000000,USD,0,,8/1/06,JTV,,
28,30,c:4495,0,,0,,,tigr,,
29,31,c:3320,0,CAD,0,USD,6/23/89,NASDAQ:SYMC,,
30,32,c:1863,0,USD,35700000,EUR,,XNGAF,,
31,33,c:3827,0,USD,0,USD,,NYSE:S,,
32,34,c:4821,0,USD,0,,6/7/07,INFN,,
33,35,c:5229,0,USD,0,USD,1/1/98,NASDAQ:BBRY,,
34,36,c:4175,0,USD,0,,,NASDAQ:CMCSA,,
35,37,c:3657,11000000000,USD,0,,,HK700,,
36,38,c:24,0,USD,0,,,NYSE:CBS,,
37,39,c:848,0,USD,0,USD,2/6/98,NASDAQ:VRSN,,
38,40,c:474,0,USD,0,,10/31/06,GOFH,,
39,42,c:5444,0,,0,,4/1/00,SABA,,
40,43,c:5471,0,USD,0,USD,11/4/88,NASDAQ:VOD,,
41,44,c:645,327000000,USD,0,,3/22/07,GLUU,,
42,46,c:4708,0,USD,0,USD,8/16/96,NASDAQ: ETFC,https://about.etrade.com/index.cfm,E*TRADE Company Overview
43,47,c:3978,0,USD,0,,,ABT:CA,,
44,48,c:4942,14000000000,USD,0,,4/1/98,LVLT,,
45,52,c:1790,0,USD,0,,11/26/07,SFSF,,
46,53,c:256,0,USD,0,USD,12/28/07,NYSE:N,,
47,54,c:3246,0,USD,0,USD,1/13/78,NYSE:IBM,,
48,55,c:6478,0,USD,0,,,GSB,,
49,57,c:323,0,USD,0,USD,12/20/91,NASDAQ:QCOM,,
50,59,,0,USD,0,,,WMI,,
51,60,c:6783,0,USD,0,,1/1/71,WM,,
52,61,c:3277,0,USD,0,USD,7/17/03,BNG,,
53,62,c:7872,970000000,USD,0,USD,9/14/06,JP:2121,,
54,63,c:41,0,USD,0,USD,1/13/78,NYSE:GCI,,
55,64,c:8931,0,USD,0,USD,8/18/00,NASDAQ:EQIX,,
56,65,c:840,0,USD,0,,,VCLK,,
57,66,c:570,0,USD,0,USD,6/28/88,NYSE:SSP,http://www.scripps.com/node/429,E.W. Scripps' Company Website
58,67,c:3275,0,USD,0,USD,11/17/95,NASDAQ:SNDK,,
59,68,c:1066,0,USD,0,,,DNA,,
60,70,c:2390,0,USD,0,USD,3/19/99,NASDAQ:INFY,,
61,71,c:28,0,USD,0,USD,2/23/90,NASDAQ:CSCO,,
62,72,c:851,0,USD,0,,,ERTS,,
63,73,,0,USD,0,,,ERTS,,
64,74,c:851,0,USD,0,,,NASDAQ:ERTS,,
65,75,c:5208,0,USD,0,USD,1/29/99,NASDAQ:NVDA,,
66,76,c:4843,0,USD,0,USD,,NASDAQ:VZ,,
67,77,c:71,0,USD,0,USD,1/13/78,NASDAQ:INTC,,
68,78,c:15609,1.0896E+11,JPY,0,,12/17/08,3632,,
69,80,c:6651,0,USD,0,,,CPWR,,
70,81,c:3161,5440000000,USD,0,,11/7/11,RAX,,
71,82,c:4498,0,USD,0,,,DT,,
72,83,c:2334,0,USD,0,,9/1/99,TIVO,,
73,86,c:1926,0,USD,0,,4/3/07,SCOR,,
74,87,c:4019,0,USD,0,USD,4/13/00,NASDAQ:SINA,,
75,88,c:17289,0,USD,0,,6/1/99,QPSA (AMEX),,
76,89,c:5040,0,USD,0,USD,11/5/93,NASDAQ:ATVI,,
77,90,c:5182,0,USD,0,USD,1/2/90,NASDAQ:ADSK,,
78,91,c:7030,0,USD,0,USD,7/5/96,NASDAQ:CHKP,,
79,92,c:6292,0,USD,0,USD,10/16/98,NYSE:GIB,http://deitkppmvydm.com/,akxZoAgo
80,93,c:12287,0,USD,0,,3/1/00,NASDAQ:WBSN,,
81,94,c:18116,0,USD,0,,2/14/08,GOCH,,
82,95,c:18131,0,CAD,0,,,CPAH,,
83,96,c:18136,0,USD,0,USD,,NASDAQ:SHOR,,
84,97,c:18378,0,USD,0,,,TREE,,
85,98,c:13389,0,USD,0,,7/28/99,DSCM,,
86,99,c:16531,0,USD,0,,1/1/05,LYV,,
87,101,c:21123,0,USD,0,,4/2/09,CYOU,,
88,102,c:7618,0,USD,0,,2/8/06,VG,,
89,104,c:6234,0,USD,0,,5/8/07,PROJ,,
90,105,c:16282,0,USD,0,,10/20/06,VRAZ,,
91,106,c:13642,0,USD,0,,1/1/00,CTCH,,
92,107,c:17731,0,USD,0,USD,9/29/06,NASDAQ:RVBD,,
93,108,c:14963,0,USD,0,USD,3/7/99,NASDAQ:INFA,http://nghgiwfwwinq.com/,unLEmoncF
94,109,c:13219,0,USD,600000000,USD,3/1/07,NASDAQ:CLWR,http://www.networkworld.com/news/2007/030807-clearwire-ipo-jumps-up-on.html,
95,110,c:4303,134000000,USD,0,,11/2/10,GKNT,,
96,111,c:24746,5000000,USD,0,,7/23/08,SOLR,,
97,112,c:24745,55000000,USD,0,,5/8/08,RSOL,,
98,113,c:24773,0,USD,0,USD,10/23/07,NASDAQ:LBAS,,
99,114,c:601,1050000000,USD,0,,5/21/09,NASDAQ:OPEN,,
100,115,c:25013,95500000,USD,0,,5/18/07,ENOC,,
101,116,c:25639,0,USD,0,,,DRAM,,
102,117,c:25630,0,USD,0,,,CSU,,
103,118,c:25703,0,USD,0,USD,1/1/91,NYSE:HAE,,
104,119,c:21287,0,USD,0,USD,3/26/93,NASDAQ:MCHP,,
105,120,c:25706,300000000,USD,0,,8/1/08,PVS,,
106,121,c:16612,0,USD,0,USD,1/2/90,NASDAQ:MU,,
107,122,c:25714,0,USD,0,USD,1/2/90,NASDAQ:SWKS,,
108,123,c:25380,0,USD,0,,,IMG,,
109,125,c:25809,0,USD,0,,,MBT,,
110,126,c:25818,0,USD,0,USD,,NASDAQ:EXAR,,
111,127,c:5663,0,USD,0,USD,1/13/78,NYSE:GSK,,
112,128,c:25821,0,USD,0,,,CLGX,,
113,129,c:25908,50000000,USD,0,,5/14/08,GWRI,,
114,130,c:24852,0,USD,0,USD,6/3/09,NASDAQ:ITRI,,
115,131,c:25597,0,USD,0,,1/2/09,LOCM,,
116,132,c:15299,803000000,USD,0,,5/20/09,SWI,,
117,133,c:11997,0,USD,0,,5/12/09,DGI,,
118,134,c:24568,0,USD,0,,6/25/09,MDSO,,
119,135,c:14159,0,USD,0,,6/1/06,LOOP,,
120,137,c:4825,0,USD,0,,9/23/94,NASDAQ:SIRI,,
121,138,c:24879,0,USD,0,,,NETL,,
122,139,c:14008,0,USD,0,USD,2/2/96,NASDAQ:OTEX,,
123,140,c:17065,0,USD,0,,,DCM,,
124,143,c:823,0,USD,0,USD,7/8/94,NYSE:NOK,,
125,144,c:28279,115000000,USD,0,,4/15/09,RST,,
126,145,c:28357,0,USD,0,USD,11/26/99,NYSE:A,,
127,146,c:355,0,USD,0,USD,1/13/78,NYSE:HPQ,,
128,147,c:396,0,USD,0,,,NASDAQ:NWS,,
129,149,c:2602,0,USD,0,USD,7/1/88,NASDAQ:DELL,,
130,150,c:29378,85000000,USD,0,,8/11/09,CPIX,,
131,151,c:32127,108000000,USD,0,,5/31/07,JAZZ,,
132,152,c:32164,69000000,USD,0,,2/8/07,NGX-4010,,
133,153,c:32373,0,USD,0,,,NASDAQ: SCRX,,
134,154,c:32425,375000000,USD,0,,5/9/08,NEPI,,
135,155,c:32436,288000000,USD,0,,2/8/07,ARAY,,
136,156,c:32447,92000000,USD,0,,11/7/07,BFRM,,
137,158,c:15787,0,USD,0,,,NYSE:CVD,,
138,159,c:32497,0,USD,0,,,NASDAQ:JKHY,,
139,160,c:26917,0,USD,0,,,NASDAQ:ATRN,,
140,161,c:6623,0,USD,0,,,NASDAQ:PVSW,,
141,162,c:6446,0,USD,0,,,LSE:ALN,,
142,163,c:30503,0,USD,0,,,NASDAQ:CKSW,,
143,164,c:32510,0,USD,0,,,UBM,,
144,165,c:26919,0,USD,0,,,NASDAQ:INXI,,
145,166,c:1663,380436764,USD,0,,9/24/09,NASDAQ:AONE,,
146,167,c:26894,0,USD,0,,,NASDAQ:RCMT,,
147,169,c:28263,0,USD,0,USD,2/25/00,NASDAQ:ISIL,,
148,170,c:16259,0,USD,0,,,NASDAQ:JDSU,,
149,171,c:32942,0,USD,0,,,NASDAQ:NABI,,
150,172,c:32944,0,USD,0,,,NYSE:VRX,,
151,173,c:26144,57600000,USD,0,,8/5/09,CDCS,,
152,174,c:33412,0,USD,0,,1/1/05,NASDAQ:THLD,,
153,175,c:33750,108750000,USD,0,,10/8/09,MG,,
154,176,c:33751,68200000,USD,0,,10/8/09,OMER,,
155,177,c:33752,79800000,USD,0,,10/2/09,ECHO,,
156,179,c:25744,0,USD,0,,1/1/06,NASDAQ:WAVE,,
157,180,c:33647,0,USD,0,,,TTEK,,
158,181,c:17456,0,USD,0,,,LEDR,,
159,182,c:33843,0,USD,0,,,NYSE:GPN,,
160,184,c:19665,0,USD,0,,,LSE:SDL,,
161,185,c:23241,0,USD,0,,,NASDAQ:SIGM,,
162,187,c:32542,0,USD,0,,,NASDAQ:OXGN,,
163,188,c:34063,0,USD,0,,,OTCBB:VXGN,,
164,189,c:26371,367350000,USD,0,,8/12/09,EM,,
165,190,c:34079,1043750000,USD,0,,9/25/09,NSDQ: GAME,,
166,191,c:34080,648000000,USD,0,USD,8/14/09,NASDAQ:AVGO,,
167,192,c:14081,0,USD,0,,7/1/09,NASDAQ:LOGM,,
168,194,c:34178,10200000,USD,0,,7/30/09,NASDAQ:RCON,,
169,195,c:34181,106375000,USD,0,,7/13/09,NASDAQ:TBNK,,
170,196,c:34190,98000000,USD,0,,7/30/09,NASDAQ:GSM,,
171,197,c:34191,320000000,USD,0,,7/30/09,NYSE:PMT,,
172,198,c:2456,0,USD,0,,,NASDAQ:REVU,,
173,199,c:34362,0,USD,0,,,NASDAQ:POWL,,
174,202,c:34617,0,USD,0,USD,9/29/08,NASDAQ:CYDE,,
175,203,c:34674,0,USD,0,USD,12/15/00,NASDAQ:GRMN,,
176,204,c:25118,0,USD,0,,1/1/05,TOM2.AS,,
177,205,c:2823,0,JPY,0,,6/16/87,NYSE:EFX,,
178,206,c:35042,0,USD,0,,,NASDAQ:CLRO,,
179,207,c:15436,0,USD,0,,,TSX:EIN,,
180,208,c:28899,0,USD,0,,,NASDAQ:OCCF,,
181,210,c:31915,0,USD,0,,,NYSE:COV,,
182,211,c:35429,0,USD,0,USD,1/13/78,NASDAQ:AMAT,,
183,212,c:31103,0,USD,0,USD,1/1/00,NASDAQ:LIFE,,
184,213,c:2989,0,USD,0,,,NASDAQ:LOGI,,
185,214,c:35512,0,USD,0,,,NASDAQ:OPTT,,
186,215,c:29414,0,USD,0,,,NASDAQ: CAVM,,
187,216,c:35601,0,USD,0,,,NASDAQ:CHDN,,
188,217,c:35602,0,USD,0,,,NASDAQ:UBET,,
189,218,c:35663,0,USD,0,USD,,NASDAQ:TMRK,,
190,219,c:34749,0,USD,0,,,OTCBB:CCTR,,
191,220,c:35739,0,USD,0,,,NASDAQ:LBTYA,,
192,221,c:26802,0,USD,0,USD,8/8/00,NASDAQ:TSYS,,
193,222,c:36087,0,USD,0,,,NASDAQ: SMTC,,
194,223,c:36158,0,USD,0,USD,,OTCQB:PBIO,,
195,224,c:36312,0,USD,0,USD,4/18/06,OTC:VSUL,,
196,225,c:24566,0,USD,0,,,MIL,,
197,226,c:36404,0,USD,0,,,NYSE:GE,,
198,228,c:35105,0,USD,0,,,NYSE:WIN,,
199,229,c:36487,0,USD,0,,,NASDAQ:BCON,,
200,230,c:15794,0,USD,0,,,NYSE:BDX,,
201,231,c:10614,30000000,USD,0,,2/10/10,NYSE:INUV,,
202,233,c:26977,0,USD,0,,,LNVGY,,
203,234,c:36665,0,USD,0,USD,,DDIC,,
204,235,c:36666,0,USD,0,,,CYY,,
205,236,c:36668,0,USD,0,,,CLAVIS,,
206,238,c:36738,0,USD,0,,,SNSR,,
207,239,c:36791,0,USD,0,,,GRB,,
208,240,c:36947,0,USD,0,,,XATA,,
209,241,c:35967,0,USD,0,,12/3/09,BIT:YOOX,,
210,242,c:37093,0,USD,0,,,CELG,,
211,243,c:37095,0,USD,0,,,MLNK,,
212,244,c:30039,1242000,USD,156300000,USD,11/1/09,NASDAQ:FTNT,http://www.reuters.com/article/2009/11/18/fortinet-idUSN176912920091118,Fortinet IPO prices above range
213,245,c:37100,0,USD,0,,,ASIA,,
214,246,c:37109,0,USD,0,,,XSEL,,
215,247,c:36983,0,USD,33000000,USD,7/17/98,NASDAQ:BIRT,http://www.nasdaq.com/markets/ipos/company/actuate-corp-52196-5016,Company IPO Overview
216,248,c:37180,0,USD,0,,,RZ,,
217,249,c:37269,0,USD,0,,,NASDAQ:IGLD,,
218,250,c:37366,10400000,USD,0,USD,3/23/12,NASDAQ:GALT,http://www.masshightech.com/stories/2012/03/19/daily54-Galectin--prices-public-offering-expects-104M-in-proceeds.html,"Galectin prices offering, expects $10.4M in proceeds"
219,251,c:37380,0,USD,0,,,UTX,,
220,252,c:33427,0,USD,0,,,OTC:BYOC,,
221,253,c:37444,0,USD,0,,,TYPE,,
222,254,c:37448,0,USD,0,,,NASDAQ:VOCL,,
223,255,c:37662,0,USD,0,,,NASDAQ:CBST,,
224,256,c:37684,0,USD,0,,,NASDAQ:ACTI,,
225,257,c:14900,0,USD,0,USD,5/23/97,NASDAQ:RMBS,,
226,258,c:37763,0,USD,0,,,XLRT,,
227,259,c:37768,0,USD,0,,,BMGP,,
228,260,c:37771,0,USD,0,,,IDG,,
229,261,c:18957,0,USD,0,,,NASDAQ:KONG,,
230,262,c:37790,0,USD,0,,,ARGL,,
231,263,c:37796,0,USD,0,,,NASDAQ:CALP,,
232,264,c:37881,0,USD,0,,,ICLK,,
233,265,c:37799,2300000000,USD,0,,12/4/09,916:HK,,
234,266,c:37903,0,USD,0,,,DOV,,
235,268,c:38038,0,USD,0,,,NASDAQ:OCLR,,
236,270,c:38051,0,USD,0,,,MYRX,,
237,272,c:38257,0,USD,0,,,NASDAQ:HEV,,
238,273,c:38387,0,USD,0,,,NYSE:SNX,,
239,274,c:38403,0,USD,0,,,NYSE:CVS,,
240,275,c:38405,0,USD,0,,,NASDAQ:BFLY,,
241,276,c:33731,0,USD,0,,,NASDAQ:VSAT,,
242,277,c:38529,0,USD,0,,,NASDAQ:ATNI,,
243,278,c:32496,0,USD,0,,,NASDAQ:TRCR,,
244,279,c:22863,0,USD,0,,,NYSE:CR,,
245,280,c:38640,0,USD,0,,,NYSE:OMG,,
246,281,c:38716,0,USD,0,,,NASDAQ:SQNM,,
247,282,c:38753,0,USD,0,,,NASDAQ:AMCS,,
248,283,c:38756,0,USD,0,USD,7/8/96,CAMH,,
249,284,c:38762,0,USD,0,,,NASDAQ:BELFA,,
250,285,c:18925,0,USD,0,,,NASDAQ:SAAS,,
251,287,c:38899,0,USD,0,,,GAXC,,
252,288,c:38903,0,USD,0,,,NASDAQ:IIVI,,
253,289,c:39057,0,USD,0,,,NASDAQ:ANIK,,
254,290,c:39061,0,USD,0,,,NASDAQ:QLTI,,
255,291,c:7815,0,USD,0,,,NASDAQ:PCTI,,
256,292,c:39087,0,USD,0,,,NYSE:CBZ,,
257,293,c:39172,0,USD,0,,,NASDAQ:ACTG,,
258,294,c:2680,0,USD,0,USD,3/21/86,NASDAQ:ORCL,,
259,295,c:39186,0,USD,0,,,NYSE:GPX,,
260,296,c:39190,0,USD,0,,,NASDAQ:EDGW,,
261,297,c:39269,0,USD,0,,,NASDAQ:WAVX,,
262,298,c:39278,0,USD,0,,,NASDAQ:NDSN,,
263,299,c:39361,0,USD,0,,,NASDAQ:SEAC,,
264,301,c:39474,0,USD,0,,,NVTL,,
265,302,c:39560,0,USD,0,,,NASDAQ:SNTA,,
266,303,c:39451,0,USD,0,,,NASDAQ:CALD,,
267,304,c:39593,0,USD,0,,,NASDAQ:SLTM,,
268,305,c:39638,0,USD,0,,,NASDAQ:MASI,,
269,306,c:39670,0,USD,0,,,NASDAQ:QDEL,,
270,307,c:39758,0,USD,0,,,NASDAQ:BLDP,,
271,308,c:39780,0,USD,0,,,NASDAQ:EFOI,,
272,309,c:4850,0,USD,0,,,NASDAQ:UNCA,,
273,310,c:30504,0,USD,0,,6/30/06,NYSE:SAI,,
274,311,c:39873,0,USD,0,,,NASDAQ:DRCO,,
275,312,c:39953,0,USD,0,,,NASDAQ:SPIR,,
276,313,c:39961,0,USD,0,,,NASDAQ:CTIC,,
277,314,c:40215,0,USD,0,,,NASDAQ:IDRA,,
278,315,c:40224,0,USD,0,,,NYSE:IMA,,
279,316,c:40081,0,USD,0,,,NASDAQ:BBOX,,
280,317,c:40322,0,USD,0,USD,1/2/90,NYSE:CACI,,
281,318,c:40396,0,USD,0,,,NASDAQ:LUNA,,
282,319,c:40453,108000000,USD,0,,2/8/05,GRVY,,
283,320,c:7741,0,USD,0,,1/1/07,GA,,
284,321,c:19308,0,USD,0,,,VPRT,,
285,322,c:7416,0,USD,0,,,NASDAQ:LPSN,,
286,323,c:40902,0,USD,0,,,NYSE:TEL,,
287,324,c:41025,0,USD,0,,,NYSE:AUO,,
288,326,c:41119,0,USD,0,,,NASDAQ:EDGR,,
289,327,c:568,0,USD,0,,,NASDAQ:TTGT,,
290,328,c:41391,0,USD,0,USD,,LEAP,,
291,329,c:41396,0,USD,0,USD,,NASDAQ:NWK,,
292,330,c:41450,0,USD,0,,,NYSE:AGN,,
293,331,c:17933,0,USD,0,,11/20/09,NASDAQ:ARCL,,
294,332,c:41885,0,USD,0,,,NASDAQ:ZLCS,,
295,333,c:41914,0,USD,0,,7/29/90,NASDAQ:VOXX,,
296,334,c:9580,44000000,EUR,0,,2/22/00,PNG,,
297,335,c:42004,0,USD,0,,,NYSE:ORA,,
298,336,c:42009,0,USD,0,USD,1/3/94,NASDAQ:QSII,,
299,337,c:15809,0,USD,0,,,NYSE:LLL,,
300,338,c:21154,0,USD,0,USD,4/26/99,NYSE:IRM,,
301,339,c:36845,1020000000,USD,0,,1/1/98,DRIV,,
302,340,c:42425,0,USD,0,,3/1/10,NASDAQ:ANTH,,
303,342,c:42962,0,USD,0,,,NYSE:LDK,,
304,343,c:43029,0,USD,0,,,NYSE:BAX,,
305,344,c:304,0,USD,0,USD,1/13/78,NYSE:SNE,,
306,345,c:43019,0,USD,0,,,NASDAQ:OVRL,,
307,347,c:41805,0,USD,0,,10/1/09,OTCBB:GCMI,,
308,348,c:43411,0,USD,0,,,NASDAQ:GCOM,,
309,349,c:26905,0,USD,0,,,NASDAQ:IFLG,,
310,351,c:10475,0,USD,0,USD,1/2/90,NYSE:ABT,,
311,352,c:43666,0,USD,0,USD,3/11/10,NYSE:ST,,
312,353,c:1368,0,USD,0,,,NASDAQ OMX:GEO1V,,
313,354,c:43979,0,USD,0,,,NASDAQ:LTRE,,
314,355,c:14111,0,USD,0,,,NASDAQ:ROVI,,
315,356,c:44468,0,USD,0,,,NYSE:BTU,,
316,357,c:7650,0,USD,0,USD,6/26/98,NYSE:DOX,,
317,358,c:30687,0,USD,0,,3/1/10,NYSE:CALX,,
318,359,c:24886,0,USD,0,,,NASDAQ:MOSY,,
319,360,c:16192,66600000,USD,0,,3/31/10,NASDAQ:MERU,,
320,361,c:26551,25000000,USD,0,,3/31/10,EPS,,
321,362,c:30684,0,USD,0,,,OPMG,,
322,363,c:26239,0,USD,0,,,LSE:DDT,,
323,364,c:18871,0,USD,0,USD,12/25/98,NASDAQ:CNQR,,
324,365,c:46423,350000000,USD,0,,4/16/10,Molycorp,,
325,366,c:31253,0,USD,0,,4/29/10,NASDAQ:CNVO,,
326,367,c:22518,9430000000,USD,0,USD,,NYSE:WDC,,
327,368,c:47042,0,USD,0,,3/8/00,NASDAQ:DTV,,
328,369,c:12488,0,USD,0,,,NASDAQ:LIOX,,
329,370,c:47459,0,USD,0,,,NYSE:CVO,,
330,371,c:47590,0,USD,0,USD,7/18/00,NASDAQ:ENDP,,
331,372,c:47592,0,USD,0,,,NASDA:HTRN,,
332,373,c:25,0,USD,0,,,NYSE:VIA,,
333,374,c:32148,0,USD,0,,,NUBL.OB,,
334,375,c:17205,0,USD,0,,7/6/07,78340,,
335,376,c:48760,0,USD,0,,,NASDAQ:PFSW,,
336,378,c:49258,0,USD,0,,,NASDAQ:VSCP,,
337,379,c:31446,0,USD,0,,,NASDAQ:EPAY,,
338,380,c:15306,0,USD,0,USD,6/22/90,NASDAQ:XLNX,,
339,381,c:49334,0,USD,0,,,NASDAQ:PONE,,
340,382,c:49691,0,USD,0,,,NASDAQ:RBCN,,
341,383,c:49781,0,USD,0,,,NASDAQ:INOC,,
342,384,c:8752,0,USD,0,USD,6/26/98,NASDAQ:CTSH,,
343,385,c:49995,0,USD,0,USD,7/6/00,NASDAQ:ARWR,,
344,386,c:5108,337000000,USD,0,,5/13/10,TNAV,,
345,387,c:15828,0,USD,0,,,CODE,,
346,388,c:50284,0,USD,0,,,NASDAQ:ISNS,,
347,389,c:1249,11003200,USD,0,,6/22/10,VRNG,,
348,390,c:50410,0,USD,0,,,NASDAQ:GILD,,
349,391,c:1680,0,USD,1000000000,USD,7/9/10,NASDAQ:TSLA,http://blogs.wsj.com/corporate-intelligence/2013/05/17/tesla-has-a-fresh-1-billion-and-lots-of-ways-to-spend-it/,Tesla Has A Fresh $1 Billion  And Lots of Ways To Spend It
350,393,c:4967,0,USD,0,USD,7/1/99,NASDAQ:TIBX,,
351,394,c:36317,0,USD,0,,2/3/10,NASDAQ:IRWD,,
352,395,c:3052,140000000,USD,0,,1/11/10,NASDAQ:QNST,,
353,396,c:548,0,USD,0,,5/19/10,NASDAQ:RLOC,,
354,397,c:37515,395822000,USD,0,USD,6/18/10,NASDAQ:VLTC,,
355,398,c:33669,0,USD,0,,,OTC:IPRPY,,
356,399,c:3407,0,USD,0,,6/25/10,NASDAQ:BSFT,,
357,400,c:45890,0,USD,0,,6/29/10,NASDAQ:HSFT,,
358,401,c:50801,0,USD,0,,5/14/10,NASDAQ:KONE,,
359,402,c:25187,0,USD,0,,4/21/10,NASDAQ:ALIM,,
360,403,c:26544,0,USD,0,,4/22/10,NASDAQ:DVOX,,
361,404,c:46074,0,USD,0,,4/21/10,CDXS,,
362,405,c:43594,0,USD,0,,4/9/10,NASDAQ:TNGN,,
363,406,c:50803,0,USD,0,,4/1/10,NASDAQ:SPSC,,
364,407,c:28360,0,USD,0,,3/11/10,AVEO,,
365,408,c:40251,0,USD,0,,,ASX:BTA,,
366,409,c:51055,0,USD,0,,,DB:GX1B,,
367,410,c:25394,0,USD,0,,,TASE:APOS,,
368,411,c:51087,0,USD,0,,,OTC:SNGX,,
369,412,c:51097,0,USD,0,,,TSX:MDG,,
370,413,c:4199,0,USD,0,,,NYSE:MDP,,
371,414,c:38420,0,USD,0,,,NASDAQ:MITL,,
372,415,c:8530,1000000000,USD,0,,7/16/10,QLIK,,
373,416,c:9054,0,USD,0,USD,3/23/01,NYSE:SI,,
374,417,c:52202,0,USD,0,,,NASDAQ:LXRX,,
375,418,c:49709,0,USD,0,,,XTRA:WL6,,
376,419,c:52204,0,USD,0,,,TSX:RVX,,
377,420,c:52205,0,USD,0,,,GTSM:4147,,
378,421,c:52208,0,USD,0,,,NASDAQ:BPAX,,
379,422,c:52209,0,USD,0,USD,8/4/05,NASDAQ:CHTP,,
380,423,c:52211,0,USD,0,,,OTCBB:PYMX,,
381,424,c:52213,0,USD,0,USD,5/22/09,OTC:SNTI,,
382,425,c:52216,0,USD,0,,,TSX:NPC,,
383,426,c:15784,0,USD,0,,,NYSE:MRK,,
384,427,c:52471,0,USD,0,,,OTCBB:BMOD,,
385,428,c:52317,0,USD,0,,,NASDAQ:RNWK,,
386,429,c:52746,0,USD,0,,,AUGT,,
387,430,c:52578,0,USD,0,,,LONDON:PIC,,
388,431,c:29983,0,USD,0,,,NYSE:DOW,,
389,432,c:352,0,USD,0,,,NASDAQ:LLNW,,
390,433,c:29580,180000000,USD,0,,8/12/10,RP,,
391,434,c:24150,850000000,USD,0,,,NASDAQ:MMYT,,
392,435,c:53616,0,USD,0,,,NASDAQ:AZPN,,
393,438,c:35247,0,USD,0,,7/22/10,GDOT,,
394,439,c:33792,139000000,USD,0,,3/15/07,NASDAQ: BBND,,
395,440,c:54506,0,USD,0,,11/16/07,NYSE:PAR,,
396,441,c:28250,0,USD,0,,8/1/07,NASDAQ:MELI,,
397,442,c:53647,0,USD,0,,,NASDAQ:WEST,,
398,443,c:39990,0,USD,0,,,OTCBB:BGEM,,
399,444,c:32522,0,USD,0,,,NASDAQ:HBIO,,
400,445,c:55243,0,USD,0,,,NASDAQ:PTNR,,
401,446,c:55260,0,USD,0,,,NYSE:BG,,
402,447,c:30538,642200000,USD,0,,8/6/10,IL,,
403,448,c:54217,0,USD,0,,5/1/10,RVUE,,
404,449,c:55375,0,USD,0,,,NYSE:HS,,
405,450,c:55696,0,USD,0,,,NASDAQ:ASYS,,
406,451,c:5990,0,USD,957000000,USD,8/14/07,NYSE:VMW,http://www.internetnews.com/bus-news/article.php/3694256/VMware+Raises+957M+in+IPO.htm,VMware Raises $957M in IPO
407,452,c:55913,0,USD,0,,,NASDAQ:RIMG,,
408,453,c:55982,0,USD,0,,,OTCBB:HDVY,,
409,455,c:55987,0,USD,10000000,USD,5/30/13,NASDAQ:ONTY,http://www.xconomy.com/seattle/2013/05/30/oncothyreon-pays-10m-to-get-array-biopharma-breast-cancer-drug/,"Oncothyreon Nabs $10M, Pays $10M, For Array Biopharma Cancer Drug"
410,457,c:55994,0,USD,0,,,NASDAQ:ISPH,,
411,458,c:56008,0,USD,0,,,NYSE:HPY,,
412,459,c:56009,0,USD,0,,,NYSE:DFS,,
413,460,c:15161,0,USD,0,,,NYSE:PFE,,
414,461,c:56178,0,USD,0,,,NYSE:IDN,,
415,462,c:56294,0,USD,0,,,NYSE:TNL,,
416,463,c:56115,0,USD,0,,,ATO.PA,,
417,464,c:20016,0,USD,0,,,NYSE:SLB,,
418,465,c:37938,0,USD,0,,,NASDAQ:CHTR,,
419,466,c:56681,0,USD,0,,,NASDAQ:EEFT,,
420,467,c:29567,0,USD,0,USD,10/3/86,NASDAQ:FISV,,
421,468,c:56803,0,USD,0,,,NYSE:RNN,,
422,469,c:56804,0,USD,0,,,NASDAQ:DSCO,,
423,471,c:2866,0,USD,0,,,NASDAQ:MOVE,,
424,472,c:24398,0,USD,0,,,NASDAQ:ONSM,,
425,473,c:57746,0,USD,0,,,NYSE:ID,,
426,474,c:47380,0,USD,0,,,NASDAQ:ULBI,,
427,475,c:57950,0,USD,0,,,NYSE:MY,,
428,476,c:21385,0,USD,0,,,NASDAQ:SNSS,,
429,477,c:31839,0,USD,0,,,NASDAQ:SPWRA,,
430,478,c:25248,0,USD,0,USD,1/3/94,NASDAQ:FLIR,,
431,480,c:7576,0,USD,0,,,NYSE:RTN,,
432,481,c:30230,0,USD,0,,,NASDAQ:AMRS,,
433,482,c:42593,0,USD,0,,,NASDAQ:RELL,,
434,483,c:58207,0,USD,0,USD,1/2/90,NYSE:ARW,,
435,484,c:58209,0,USD,0,,,NYSE:BLD,,
436,485,c:19181,0,USD,0,,,NASDAQ:ELNK,,
437,486,c:58317,0,USD,0,,,NASDAQ:DYAX,,
438,487,c:58320,0,USD,0,,,NYSE:IGT,,
439,488,c:58323,0,USD,0,,,NASDAQ:HSTM,,
440,489,c:10545,0,USD,0,,,NASDAQ:LRAD,,
441,490,c:9636,117900,JPY,0,,2/16/05,1254,,
442,492,c:58544,0,USD,0,,,NASDAQ:PLXT,,
443,493,c:58745,0,USD,0,,,NASDAQ:CVV,,
444,494,c:26973,275000000,USD,0,,9/16/10,ELT,,
445,495,c:59596,0,USD,0,,,NASDAQ:DRWI,,
446,496,c:59600,0,USD,0,,,NYSE:VPG,,
447,497,c:59612,0,USD,0,,,NASDAQ:HLCS,,
448,498,c:59617,0,USD,0,,,NASDAQ:ATHX,,
449,499,c:59832,0,USD,0,,,NASDAQ:POWI,,
450,500,c:42502,0,USD,0,,,NASDAQ:CEPH,,
451,501,c:25020,0,USD,0,USD,7/27/90,NASDAQ:TRMB,,
452,502,c:60128,0,USD,0,,,NASDAQ:MCOX,,
453,503,c:29609,200000000,USD,0,,,NASDAQ:PACB,,
454,504,c:60142,0,USD,0,,10/25/10,SLTD,,
455,505,c:50210,0,USD,0,,,NYSE:CUB,,
456,506,c:60365,0,USD,0,,,NASDAQ:ONCY,,
457,508,c:60372,0,USD,0,,,NASDAQ:ELGX,,
458,509,c:32658,0,USD,0,,,NASDAQ:ACHN,,
459,510,c:60509,0,USD,0,,,NASDAQ:RPTP,,
460,511,c:60511,0,USD,0,,,NASDAQ:OMX,,
461,513,c:10241,0,USD,0,,,NASDAQ:GLBC,,
462,514,c:31588,0,USD,0,,,NYSE:LLY,,
463,515,c:50065,0,USD,0,,,NYSE:TW,,
464,516,c:3484,0,USD,0,,,NASDAQ:ARBX,,
465,517,c:61616,0,USD,0,,,NASDAQ:NSYS,,
466,518,c:53333,0,USD,0,,,AMEX:WEX,,
467,519,c:590,0,USD,0,,11/26/99,NYSE:T,,
468,520,c:1197,0,USD,0,USD,4/26/85,NYSE:BBY,,
469,521,c:61919,0,USD,0,,,NASDAQ:OPTC,,
470,522,c:61927,0,USD,0,,,NASDAQ:MSII,,
471,523,c:61930,0,USD,0,,,NASDAQ:SMSC,,
472,524,c:5744,0,USD,0,USD,7/27/01,NYSE:ACN,,
473,525,c:4823,0,USD,0,USD,,NASDAQ:ARBA,,
474,526,c:8750,0,USD,0,USD,7/2/99,NYSE:JNPR,,
475,527,c:17600,0,USD,0,,,NASDAQ:GLUU,,
476,528,c:9786,0,USD,0,,,NYSE:LMT,,
477,529,c:32435,0,USD,0,,,NYSE:BSX,,
478,530,c:62372,0,USD,0,,,NASDAQ:RADS,,
479,531,c:62541,0,USD,0,,,NASDAQ:ORCT,,
480,532,c:62790,0,USD,0,,,NASDAQ:THRX,,
481,533,c:62791,0,USD,0,,,NASDAQ:MLNX,,
482,534,c:62794,0,USD,0,,,NASDAQ:IDIX,,
483,535,c:33654,0,USD,0,,,NYSE:MDT,,
484,536,c:62890,0,USD,0,,,NASDAQ:ZIGO,,
485,537,c:350,0,USD,0,USD,3/4/93,NASDAQ:IACI,,
486,539,c:24597,0,USD,0,,7/18/07,DHX,,
487,540,c:8248,0,USD,0,,,NASDAQ:JCOM,,
488,541,c:40591,0,USD,0,,,NASDAQ:VRSK,,
489,542,c:1448,0,USD,0,,12/8/10,NYSE:YOKU,,
490,543,c:1504,0,USD,0,,,Nasdaq:LINTA,,
491,544,c:63571,0,USD,0,,,NASDAQ:MNTA,,
492,545,c:63671,0,USD,0,,,NASDAQ:ASCMA,,
493,546,c:42276,0,USD,0,USD,5/21/12,NYSE:LYV,,
494,547,c:64013,0,USD,0,,,NASDAQ:PAYX,,
495,548,c:48411,0,USD,0,,,NYSE:SWK,,
496,549,c:64174,0,USD,0,,,NASDAQ:RGEN,,
497,550,c:64176,0,USD,0,,,NASDAQ:RRD,,
498,551,c:64179,0,USD,0,,,NASDAQ:IPXL,,
499,552,c:64189,0,USD,0,,,NASDAQ:ICAD,,
500,553,c:64192,0,USD,0,,,NYSE:MET,,
501,554,c:250,0,USD,0,,,NYSE:NYT,,
502,555,c:64486,0,USD,0,,,NASDAQ:LCRD,,
503,556,c:64491,0,USD,0,,,NASDAQ:IVAC,,
504,557,c:26613,0,USD,0,,,NASDAQ:FNSR,,
505,558,c:64500,0,USD,0,,,NYSE:CDI,,
506,559,c:64606,0,USD,0,,,NASDAQ:BIIB,,
507,561,c:845,0,USD,0,USD,,NASDAQ:RNWK,,
508,562,c:41552,0,USD,0,,,NYSE:ISS,,
509,563,c:64747,0,USD,0,,,NASDAQ:CSTR,,
510,564,c:57168,0,USD,0,,,NASDAQ:IMAX,,
511,565,c:64802,0,USD,0,,,NYSE:NOC,,
512,566,c:62258,0,USD,0,,,NYSE:OMC,,
513,567,c:64864,0,USD,0,,,NYSE:PLT,,
514,568,c:64868,0,USD,0,,,NASDAQ:DINE,,
515,569,c:64869,0,USD,0,,,NYSE:UPS,,
516,570,c:64964,79000000,USD,0,,12/9/10,LEDS,,
517,571,c:64967,0,USD,0,,,NYSE:DY,,
518,573,c:25644,0,USD,0,,,NASDAQ:OSIS,,
519,574,c:65403,0,USD,0,,,NYSE:ESL,,
520,575,c:65949,0,USD,115000000,USD,5/21/13,NASDAQ:ACAD,http://www.utsandiego.com/news/2013/may/20/acadia-raises-115-million/,Acadia raises $115 million
521,576,c:3203,0,USD,0,,,NASDAQ:CCOI,,
522,577,c:65978,0,USD,0,,,NYSE:PRO,,
523,578,c:66057,0,USD,0,,,NASDAQ:KOPN,,
524,579,c:66158,0,USD,0,,,NASDAQ:CLDA,,
525,580,c:27810,0,USD,0,,,NASDAQ:VRNT,,
526,581,c:66325,0,USD,0,,,NASDAQ:ANAD,,
527,582,c:66540,0,USD,0,USD,,NASDAQ:SGEN,,
528,583,c:66549,0,USD,0,,,NASDAQ:FALC,,
529,584,c:59087,0,USD,0,,,NASDAQ:ESLRD,,
530,585,c:66554,0,USD,0,,,NASDAQ:MRCY,,
531,586,c:26059,0,USD,0,,,NYSE:TYL,,
532,587,c:66634,0,USD,0,,,NASDAQ:CM,,
533,588,c:37673,0,USD,0,,,NASDAQ:ADTN,,
534,589,c:66724,0,USD,0,,,NASDAQ:HITT,,
535,590,c:66725,0,USD,0,,,NASDAQ:PSDV,,
536,591,c:66835,0,USD,0,,,NASDAQ:ARQL,,
537,592,c:64658,0,USD,0,,,NASDAQ:ORBT,,
538,593,c:67017,0,USD,0,,,NASDAQ:MCRL,,
539,594,c:67112,0,USD,0,,,NASDAQ:GENZ,,
540,595,c:541,1600000000,USD,0,USD,1/26/11,NYSE:NLSN,,
541,596,c:67328,0,USD,0,,,NASDAQ:VASC,,
542,597,c:67332,0,USD,0,,,NYSE:WTS,,
543,598,c:67598,0,USD,0,,,NASDAQ:ALXN,,
544,599,c:67601,0,USD,0,,,NASDAQ:CSIQ,,
545,600,c:67708,0,USD,0,,,NASDAQ:DISH,,
546,601,c:8249,0,USD,0,USD,2/2/11,NASDAQ:EPOC,,
547,602,c:26754,0,USD,0,USD,,NASDAQ:APKT,,
548,603,c:26071,0,USD,0,,,NASDAQ:MANT,,
549,604,c:68182,0,USD,0,,,NASDAQ:OPTR,,
550,605,c:68190,0,USD,0,,,NASDAQ:VSEA,,
551,606,c:68300,0,USD,0,,,NASDAQ:SLTC,,
552,607,c:25909,0,USD,0,,,NASDAQ:GEVO,,
553,608,c:30981,0,USD,0,,,NYSE:HTZ,,
554,609,c:68733,0,USD,0,USD,3/26/90,NASDAQ:SYMM,,
555,610,c:65857,0,USD,0,,,NYSE:DOV,,
556,611,c:6954,0,USD,0,,,NYSE:MSO,,
557,612,c:69004,0,USD,0,,,NYSE:FLT,,
558,613,c:32494,0,USD,0,,,NYSE:ALR-B,,
559,614,c:32381,0,USD,0,,,NASDAQ:ZRAN,,
560,615,c:40866,0,USD,0,USD,,NYSE:DDD,,
561,616,c:4824,0,USD,0,USD,,NASDAQ:VMED,,
562,617,c:70064,0,USD,0,,,NYSE:IRF,,
563,618,c:70187,0,USD,0,,,NASDAQ:RXII,,
564,619,c:63604,0,USD,0,,,NASDAQ:AMCC,,
565,620,c:70360,0,USD,0,,,NASDAQ:USMO,,
566,621,c:70446,0,USD,0,,,NASDAQ:ELON,,
567,622,c:35239,0,USD,0,,,NYSE:MWW,,
568,623,c:66768,0,USD,0,USD,9/9/05,OTCBB:APWR,,
569,624,c:17274,245000000,USD,0,,2/14/11,NASDAQ:DMAN,,
570,625,c:5722,0,USD,0,,,NYSE:LSI,,
571,626,c:1727,0,USD,0,USD,12/1/95,NASDAQ:NTAP,,
572,627,c:70820,0,USD,0,,,NASDAQ:AEZS,,
573,628,c:6760,0,USD,0,,,NYSE:HRS,,
574,629,c:28417,0,USD,0,,,NASDAQ:SSNC,,
575,630,c:71132,0,USD,0,,,NYSE:PKE,,
576,631,c:71396,0,USD,0,,,NASDAQ:PCCC,,
577,632,c:71399,0,USD,0,,,NYSE:SPA,,
578,633,c:24837,0,USD,0,,,NASDAQ:SZYM,,
579,634,c:70520,0,USD,0,,,NASDAQ:WAG,,
580,635,c:20129,900000000,USD,0,,7/5/11,CSOD,,
581,636,c:72049,0,USD,0,,,NASDAQ:JCS,,
582,637,c:72243,0,USD,0,,,NASDAQ:ALNY,,
583,638,c:72249,0,USD,0,USD,3/6/97,NASDAQ:EMKR,,
584,639,c:72353,0,USD,0,,,NASDAQ:ALGN,,
585,640,c:40614,0,USD,0,,,NASDAQ:DTLK,,
586,641,c:54169,0,USD,0,,,NYSE:QTM,,
587,642,c:4304,0,USD,0,USD,1/13/78,NASDAQ:TXN,,
588,643,c:13402,0,USD,0,,,NYSE:NSM,,
589,644,c:73059,0,USD,0,,,NASDAQ:ALSK,,
590,645,c:73262,0,USD,0,,,NASDAQ:CBMX,,
591,647,c:73434,0,USD,0,,,NASDAQ:SCSC,,
592,648,c:73629,0,USD,0,USD,1/23/07,NASDAQ:AVAV,,
593,649,c:50961,0,USD,0,,,NASDAQ:ERES,,
594,650,c:74148,0,USD,0,,,NASDAQ:SCLN,,
595,651,c:27868,0,USD,0,,,NASDAQ:INTX,,
596,652,c:74361,0,USD,0,,,NASDAQ:ELSE,,
597,653,c:75208,0,USD,0,,,NASDAQ:SRLS,,
598,654,c:19688,0,USD,0,,,NASDAQ:BITS,,
599,655,c:9379,0,USD,0,,12/1/03,NASDAQ:TZOO,,
600,656,c:75611,0,USD,0,,,NASDAQ:WWVY,,
601,658,c:75836,0,USD,0,,,NASDAQ:ALKS,,
602,659,c:5622,0,USD,0,USD,5/24/11,NASDAQ:YNDX,,
603,660,c:76246,0,USD,0,,,NASDAQ:BIOD,,
604,661,c:176,9310000000,USD,352800000,USD,7/20/11,NYSE:LNKD,http://blogs.wsj.com/deals/2011/05/18/linkedin-biggest-internet-ipo-since-google/,LinkedIn: Biggest Internet IPO Since Google
605,662,c:50953,0,USD,0,USD,2/27/04,NASDAQ:ACCL,,
606,663,c:53889,0,USD,0,,,NASDAQ:AMSC,,
607,665,c:77503,0,USD,0,,,NASDAQ:AMAG,,
608,666,c:77590,0,USD,0,,,NASDAQ:AATI,,
609,667,c:77601,0,USD,0,,,NASDAQ:RIGL,,
610,668,c:66769,0,USD,0,,,NASDAQ:TRID,,
611,669,c:68638,0,USD,0,,,NYSE:PKI,,
612,670,c:161,1641000000,USD,0,USD,12/28/11,NYSE:P,,
613,671,c:24864,0,USD,0,,,NYSE:GD,,
614,672,c:22130,0,USD,0,,,NASDAQ:IKAN,,
615,673,c:2312,3000000000,USD,216000000,USD,6/29/11,NASDAQ:AWAY,http://www.businesswire.com/news/home/20110629006922/en/HomeAway-Public-Surges-Day-Trading,http://blogs.wsj.com/venturecapital/2011/06/28/homeaway-ipo-prices-at-27share-valued-at-2-2b/
616,674,c:79494,0,USD,0,,,NASDAQ:PLAB,,
617,675,c:9389,0,USD,0,,,NASDAQ:ZAGG,,
618,676,c:79815,0,USD,0,,,NASDAQ:LMNX,,
619,677,c:8661,0,USD,0,USD,6/4/99,NASDAQ:BRCD,,
620,678,c:29586,0,USD,0,,,NYSE:JCI,,
621,679,c:80399,0,USD,0,,,NASDAQ:SERV,,
622,680,c:26050,0,USD,0,USD,12/18/81,NASDAQ:CA,,
623,681,c:3600,1060000000,USD,0,USD,,NYSE:ONE,,
624,682,c:81002,0,USD,0,,,NASDAQ:ACOR,,
625,683,c:81091,0,USD,0,,,NYSE:TDS,,
626,684,c:65056,0,USD,0,,,NASDAQ:HCOM,,
627,685,c:81452,0,USD,0,,,NYSE:RMD,,
628,686,c:81562,0,USD,0,,,NYSE:CRY,,
629,687,c:81951,0,USD,0,,,NASDAQ:NXTM,,
630,688,c:5473,0,USD,0,USD,12/22/95,NASDAQ:NUAN,,
631,689,c:82221,0,USD,0,,,NASDAQ:NXST,,
632,690,c:959,2550000000,USD,205000000,USD,7/19/11,NASDAQ:Z,http://www.bizjournals.com/seattle/blog/techflash/2013/08/zillow-raises-205m-in-public-offering.html?ana=RSS&s=article_search&cid=dlvr.it+%3Fana%3Dtwt,Zillow raises $205M in public offering
633,691,c:82539,0,USD,0,,,NASDAQ:AVNW,,
634,692,c:60788,0,JPY,0,,8/1/99,9449,,
635,693,c:33597,0,USD,0,,,NASDAQ:ATHN,,
636,694,c:68222,0,USD,0,USD,9/29/03,NASDAQ:MSPD,,
637,696,c:13246,0,USD,0,USD,11/24/06,NASDAQ:FSLR,,
638,697,c:581,0,USD,0,,7/20/07,OWW,,
639,698,c:37739,0,USD,0,,7/28/11,NASDAQ:HZNP,,
640,700,c:528,0,USD,0,,11/6/07,HKSE:1688.HK,,
641,701,c:4138,0,USD,0,,,NASDAQ:PRGS,,
642,702,c:34091,85000000,USD,0,,,NASDAQ:ALLT,,
643,703,c:24748,0,USD,0,,,NASDAQ:ACFN,,
644,704,c:49256,0,USD,0,USD,6/28/96,NASDAQ:ANSS,,
645,705,c:22312,0,USD,0,,,NASDAQ:WWWW,,
646,706,c:84638,0,USD,0,,,NASDAQ:WWVY,,
647,707,c:760,0,USD,0,,,NYSE:DMD,,
648,708,c:65917,0,USD,0,,,NYSE:DSS,,
649,709,c:30927,0,USD,0,,,NASDAQ:IIN,,
650,710,c:12011,0,USD,0,,,NASDAQ:SGI,,
651,711,c:187,0,USD,0,,,NASDAQ:CARB,,
652,713,c:16435,174000000,USD,0,,,NASDAQ:TUDO,,
653,714,c:26395,0,USD,0,,,NASDAQ:CREE,,
654,715,c:12185,0,USD,0,,,NASDAQ:HOLX,,
655,716,c:55457,0,USD,0,,,NASDAQ:ARIA,,
656,717,c:17066,0,USD,0,,3/18/08,NYSE:V,,
657,718,c:3104,0,USD,0,,5/12/11,FFN,,
658,719,c:86079,0,USD,0,,,NASDAQ:MTSC,,
659,720,c:12390,0,USD,0,,,NYSE:BDC,,
660,721,c:70298,0,USD,0,,,NYSE:IMN,,
661,722,c:40482,0,USD,0,,,NASDAQ:PWRD,,
662,723,c:3245,0,USD,0,USD,8/3/98,NYSE:SAP,,
663,724,c:81939,0,USD,0,,,NASDAQ:PSEM,,
664,725,c:10855,0,USD,0,,,NASDAQ:TTEC,,
665,726,c:104198,0,USD,0,,,NASDAQ:IART,,
666,727,c:72053,0,USD,0,,,NASDAQ:BSQR,,
667,728,c:59377,0,USD,0,USD,7/2/03,NASDAQ:BRKR,,
668,729,c:30574,0,USD,0,,,NYSE:TER,,
669,730,c:23927,0,USD,0,USD,4/8/88,NASDAQ:ALTR,,
670,731,c:117380,0,USD,743400000,USD,5/13/11,NYSE:RENN,http://www.bloomberg.com/news/2011-05-04/renren-raises-743-million-in-china-social-networking-site-ipo.html,Renren Surges on First Day of Trading With Price-to-Sales Beating Facebook
671,732,c:120896,0,USD,0,,,NASDAQ:PCO,,
672,733,c:17655,0,USD,0,,,NASDAQ:SYNA,,
673,734,c:25558,0,USD,0,,,NYSE:NPTN,,
674,735,c:7120,0,USD,0,,,NASDAQ:IRBT,,
675,736,c:129784,0,USD,0,,,NASDAQ:ASUR,,
676,737,c:131664,0,USD,0,,,NASDAQ:BLIN,,
677,739,c:139713,0,USD,0,,,NASDAQ:ADLR,,
678,740,c:140037,0,USD,0,,,NASDAQ:BEAT,,
679,741,c:140524,0,USD,0,,,NYSE:GTI,,
680,742,c:140735,0,USD,0,,,NASDAQ:SRDX,,
681,743,c:140740,0,USD,0,,,NASDAQ:ALVR,,
682,744,c:33777,0,USD,0,USD,8/2/91,NASDAQ:VRTX,http://pharmalicensing.com/public/companies/view/1702/vertex-pharmaceuticals,
683,745,c:141397,0,USD,0,,,NASDAQ:IDXX,,
684,746,c:11391,12800000000,USD,0,USD,11/7/11,NASDAQ:GRPN,http://money.cnn.com/2011/11/04/technology/groupon_IPO/index.htm,Groupon spikes 31% in IPO
685,747,c:143111,0,USD,0,USD,,NASDAQ:NOIZ,,
686,748,c:21370,0,USD,0,USD,12/8/08,NYSE:FIO,,
687,749,c:144148,0,USD,0,,,NASDAQ:LSCC,,
688,750,c:757,1000000000,USD,0,,2/3/12,NASDAQ:JIVE,,
689,751,c:29324,0,USD,0,,,NYSE:SLH,,
690,752,c:15850,0,USD,0,USD,9/27/85,NYSE:HON,,
691,753,c:145086,0,USD,0,,,NASDAQ:AGLT,,
692,754,c:30525,0,USD,0,USD,4/28/00,NASDAQ:ONNN,,
693,755,c:24595,0,USD,0,,7/1/09,TYO:2193,,
694,756,c:145411,80000000,USD,0,,12/27/11,QPON,,
695,757,c:48671,0,USD,0,USD,11/17/08,NYSE:BSY,,
696,758,c:147073,0,USD,0,,,NASDAQ:VTUS,,
697,759,c:148188,0,USD,0,,,NYSE:TNB,,
698,760,c:148281,0,USD,0,,,NASDAQ:ANGO,,
699,761,c:149051,0,USD,0,USD,5/11/84,NASDAQ:LRCX,,
700,762,c:9931,0,USD,0,,6/9/11,NASDAQ:PKT,,
701,763,c:325,290000000,USD,0,,2/17/12,NASDAQ:BCOV,,
702,764,c:1812,0,USD,0,,12/19/11,NASDAQ:ZNGA,,
703,765,c:32778,0,USD,0,,3/29/11,PINK:CRXLY,,
704,766,c:26025,0,USD,223300000,USD,10/15/10,HKG:2468,https://www.fis.dowjones.com/article.aspx?ProductIDFromApplication=32&aid=DJFVW00020100930e69u000b7&r=Rss&s=DJFVW,Trony Solar Raises US$223.3 Million In Hong Kong IPO - Source
705,767,c:20712,0,USD,0,,2/2/12,NYSE:AVG,,
706,768,c:150093,0,USD,0,,,NASDAQ:FORD,,
707,769,c:31805,0,USD,0,,,NASDAQ:HCKT,,
708,770,c:150654,0,USD,0,USD,,NYSE:ELY,,
709,771,c:113,1300000000,USD,107000000,USD,3/2/12,NYSE:YELP,http://techcrunch.com/2012/03/02/yelp-shares-pop-over-60-percent-in-early-trading-valued-at-1-3-billion/,Yelp Shares Pop Over 60 Percent In In First Day Of Trading; Valued At $1.3 Billion
710,772,c:151699,0,USD,93000000,USD,9/7/06,NASDAQ:IPGP,http://optics.org/article/25808,IPG Photonics files for public share offering
711,774,c:36071,0,USD,0,USD,12/29/00,EPA:COX,,
712,775,c:24982,0,USD,130000000,USD,11/16/11,NASDAQ:CLVS,http://www.burrillreport.com/article-clovis_oncology_raises_130_million_in_ipo.html,Clovis Oncology Raises $130 Million in IPO
713,776,c:7060,0,USD,0,USD,1/1/12,NYSE:XRX,http://www.freshnews.com/news/625005/xerox-raises-1-1-billion-through-senior-notes-offering,Xerox Raises $1.1 Billion Through Senior Notes Offering
714,777,c:12388,0,USD,0,USD,1/13/78,NYSE:GLW,,
715,778,c:32951,0,USD,0,USD,3/11/05,NYSE:PAY,,
716,779,c:22131,0,USD,0,USD,,NYSE:DWRE,,
717,780,c:12178,0,USD,0,USD,3/22/12,NYSE:ET,http://www.freshnews.com/news/627739/exacttarget-celebrates-initial-public-offering-and-first-day-trading-new-york-stock-exc,ExactTarget Celebrates Initial Public Offering and First Day of Trading on the New York Stock Exchange
718,781,c:6314,1000000000,USD,0,USD,4/22/11,NASDAQ:BRSE,http://www.sfgate.com/cgi-bin/article.cgi?f=/c/a/2012/03/22/BUFS1NOMIN.DTL,BrightSource Energy of Oakland sets IPO plan
719,782,c:48759,86250000,USD,0,USD,3/23/12,NASDAQ:TSRO,http://www.streetinsider.com/IPOs/Oncology+Biopharma+TESARO+%28TSRO%29+Files+$86.25M+IPO/7292993.html,Oncology Biopharma TESARO (TSRO) Files $86.25M IPO
720,783,c:23283,973500000,USD,0,USD,3/28/12,NYSE:MM,http://techcrunch.com/2012/03/28/mobile-ad-network-millennial-media-prices-ipo-at-13-per-share/,Mobile Ad Network Millennial Media Prices IPO At $13 Per Share
721,784,c:17773,0,USD,0,USD,3/27/12,NYSE:VCRA,http://www.vocera.com/index.php/company/pressreleases/120327,Vocera Announces Pricing of Initial Public Offering
722,785,c:32024,0,USD,0,USD,,NASDAQ:AMLN,,
723,786,c:163,0,USD,0,USD,3/29/12,PRSS,http://money.cnn.com/2012/03/29/technology/millennial-media-cafe-press-ipo/,CNN
724,787,c:61220,0,USD,0,USD,3/29/12,NASDAQ:MACK,http://www.masshightech.com/stories/2012/03/26/daily50-Merrimack-Pharmaceuticals-stock-drops-post-IPO.html,Merrimack Pharmaceuticals' stock drops post-IPO
725,788,c:28396,0,USD,0,USD,3/30/12,NASDAQ:ENPH,http://enphase.com/blog/2012/03/enphase-energy-prices-initial-public-offering/,Enphase Energy Prices Initial Public Offering
726,789,c:80846,0,USD,0,USD,,NYSE:ADI,,
727,790,c:81192,0,USD,0,USD,,NASDAQ:ININ,,
728,791,c:24623,0,USD,0,USD,,NASDAQ:TNGO,,
729,792,c:63139,0,USD,0,USD,,NASDAQ:NTK,,
730,793,c:34406,0,USD,0,USD,1/13/78,NYSE:CAJ,,
731,794,c:6277,0,USD,0,USD,9/15/98,NYSE:IT,,
732,795,c:42408,0,USD,0,USD,2/26/92,NASDAQ:SNPS,,
733,796,c:26940,0,USD,0,USD,8/15/91,NASDAQ:ZBRA,,
734,797,c:46022,0,USD,0,USD,1/2/90,NYSE:CBE,,
735,798,c:154614,0,USD,0,USD,11/15/91,NYSE:APH,,
736,799,c:50937,0,USD,0,USD,1/3/94,NASDAQ:MXIM,,
737,800,c:27437,0,USD,0,USD,1/2/02,NASDAQ:NTES,,
738,801,c:7499,0,USD,0,USD,12/12/86,NASDAQ:CERN,,
739,802,c:7563,0,USD,0,USD,8/20/99,NYSE:RHT,,
740,803,c:29208,0,USD,0,USD,1/2/90,NYSE:IEX,,
741,804,c:10222,0,USD,0,USD,1/13/78,NYSE:HIT,,
742,805,c:144717,0,USD,0,USD,1/13/78,NYSE:EMR,,
743,806,c:47461,0,USD,0,USD,4/12/01,NYSE:ABB,http://hutdxvwvzsue.com/,hFzlqGkgbGQojXo
744,807,c:8759,0,USD,0,USD,11/18/94,NYSE:MCK,,
745,808,c:32537,0,USD,0,USD,1/5/79,NYSE:DHR,,
746,809,c:28787,0,USD,0,USD,1/13/78,NYSE:TYC,,
747,810,c:40133,0,USD,0,USD,6/12/98,NYSE:AMT,,
748,811,c:18507,0,USD,0,USD,10/27/00,NYSE:WIT,,
749,812,c:59312,0,USD,0,USD,1/13/78,NYSE:ETN,,
750,813,c:56346,0,USD,0,USD,4/24/98,NASDAQ:ARMH,,
751,814,c:17124,0,USD,0,USD,4/24/98,NASDAQ:BRCM,,
752,815,c:44982,0,USD,0,USD,1/13/78,NYSE:KYO,,
753,816,c:17218,0,USD,0,USD,12/15/95,NASDAQ:CTXS,,
754,817,c:28874,0,USD,0,USD,2/21/92,NYSE:ROP,,
755,818,c:53338,0,USD,0,USD,1/13/78,NYSE:AME,,
756,819,c:1915,0,USD,0,USD,,NYSE:MSI,,
757,820,c:7320,0,USD,0,USD,12/20/02,NASDAQ:STX,,
758,821,c:25106,0,USD,0,USD,10/5/07,NYSE:TDC,,
759,822,,0,USD,0,USD,,NYSE:ROK,,
760,823,c:26842,0,USD,0,USD,,NYSE:ROK,,
761,824,c:11082,0,USD,0,USD,6/18/99,NASDAQ:FFIV,,
762,825,c:13405,0,USD,0,USD,10/17/80,NASDAQ:KLAC,,
763,826,c:46364,0,USD,0,USD,4/4/00,NASDAQ:ILMN,,
764,827,c:19916,0,USD,0,USD,12/16/94,NYSE:STM,,
765,828,c:64053,0,USD,0,USD,8/13/10,NASDAQ:NXPI,,
766,829,c:39921,0,USD,0,USD,9/29/00,NYSE:UMC,,
767,830,c:28823,0,USD,0,USD,12/20/96,NYSE:NCR,,
768,831,c:44814,0,USD,0,USD,,NYSE:AVT,,
769,832,c:18127,0,USD,0,USD,6/19/87,NASDAQ:CDNS,,
770,833,c:26971,0,USD,0,USD,5/27/11,NYSE:FSL,,
771,834,c:82672,0,USD,0,USD,10/17/11,NASDAQ:UBNT,,
772,835,c:155390,0,USD,0,USD,8/19/88,NASDAQ:NVLS,,
773,836,c:20971,0,USD,0,USD,11/21/86,NYSE:HAR,,
774,837,c:49539,0,USD,0,USD,,NYSE:PBI,,
775,838,c:18028,0,USD,0,USD,4/8/11,NYSE:QIHU,,
776,839,c:71310,0,USD,0,USD,,NYSE:AMRC,,
777,840,c:10166,0,USD,0,USD,,NASDAQ:ACXM,,
778,841,c:1434,0,USD,230000000,USD,4/19/12,NASDAQ:SPLK,,
779,842,c:25907,0,USD,0,USD,9/4/12,NQ,,
780,843,c:23756,0,USD,174300000,USD,4/13/11,NASDAQ:ZIP,http://green.autoblog.com/2011/04/14/zipcar-ipo-a-smash-hit-car-sharing-company-raises-174-3-millio/,
781,844,c:31663,0,USD,0,USD,,NYSE:TMO,,
782,845,c:1705,3273770000,USD,0,USD,12/21/11,TRIP,http://news.yahoo.com/expedia-completes-tripadvisor-spinoff-142742929.html,AP
783,846,c:34650,0,USD,0,USD,,NYSE:WFR,,
784,847,c:5,1.04E+11,USD,18400000000,USD,5/18/12,NASDAQ:FB,http://online.wsj.com/news/articles/SB10001424052702303448404577409923406193162,Facebook Prices IPO at Record Value
785,848,c:26477,0,USD,0,USD,,NASDAQ:SLAB,,
786,849,c:159254,0,USD,0,USD,,NASDAQ:ITMN,,
787,850,c:40358,0,USD,0,USD,,NASDAQ:ENZN,,
788,851,c:34590,0,USD,0,USD,,NYSE:SFE,,
789,852,c:159625,0,USD,0,USD,,NASDAQ:MDVN,,
790,853,c:159628,0,USD,0,USD,,NASDAQ:HIMX,,
791,854,c:160049,0,USD,0,USD,,NASDAQ:STXS,,
792,855,c:10926,0,USD,0,USD,,NASDAQ: ARUN,http://www.reuters.com/article/2007/03/26/aruba-ipo-idUSN265321120070326,Reuters
793,856,c:59798,0,USD,0,USD,,NASDAQ: PXLW,http://www.eetimes.com/electronics-news/4109650/Pixelworks-IPO-reaps-57-5-million-Nogatech-shares-sink-40-in-two-days,Pixelworks reaps $57.5 million in an IPO
794,857,c:22548,0,USD,0,USD,,TSE:NXJ,,
795,858,c:19066,0,USD,0,USD,,NASDAQ: FIRE,http://www.reuters.com/article/2007/03/09/sourcefire-ipo-idUSWEN526420070309,Reuters
796,859,c:37740,0,USD,0,USD,7/25/07,NASDAQ:OREX,http://www.biospace.com/News/orexigen-therapeutics-inc-ipo-raises-84-million/53722,Biospace
797,860,c:33497,0,USD,0,USD,2/29/12,NYSE AMEX: YMI; TSX:YM,http://ipo.einnews.com/pr_news/83312656/ym-biosciences-raises-us-80-5-million-from-public-offering,IPO News Today
798,861,c:16178,0,USD,0,USD,2/1/08,Nasdaq:ARST,,
799,862,c:17482,0,USD,0,USD,11/1/07,NASDAQ: SDBT,http://nevcfunding.blogspot.com/2007/11/soundbite-prices-ipo-to-raise-416.html,Northeast Venture Capital
800,863,c:21600,0,USD,0,USD,,NASDAQ:GEVA,,
801,864,c:82208,0,USD,0,USD,,NYSE:PH,,
802,865,c:1645,0,USD,0,USD,8/1/12,NASDAQ:KYAK,,
803,866,c:23249,0,USD,0,USD,,NYSE:MXL,,
804,867,c:169317,0,USD,0,USD,2/1/11,NASDAQ:TRNX,,
805,868,c:17323,0,USD,0,USD,,NYSE:MA,,
806,869,c:3626,824000000,USD,120000000,USD,4/20/12,NYSE:BLOX,http://www.mercurynews.com/ci_20441920/infoblox-ipo-stock-shares-santa-clara-networking-software,
807,873,c:84340,0,USD,0,USD,7/11/00,NYSE:TKC,http://arsiv.ntvmsnbc.com/news/16548.asp,
808,875,c:1942,0,USD,0,USD,7/29/05,NASDAQ:EXPE,http://wallstcheatsheet.com/stocks/expedia-and-tripadvisor-split-as-reviews-site-goes-public.html/,
809,876,c:13529,0,USD,0,USD,4/12/96,NASDAQ:SAPE,,
810,878,c:164413,0,USD,0,USD,,XBTC,http://finance.yahoo.com/q/ks?s=XBTC+Key+Statistics,Yahoo: XBTC Key Stastistics
811,879,c:179214,0,USD,0,USD,7/26/02,Nasdaq:BDSI,,
812,880,c:180632,0,USD,0,USD,,ACIW,,
813,881,c:5037,0,USD,0,USD,2/14/06,NYSE Amex: LOV,http://dating.about.com/od/datingsiteprofiles/p/Spark-Networks.htm,"Spark Networks Information, News and Statistics"
814,882,c:7945,0,USD,0,USD,1/1/00,NYSE: AMD,,
815,883,c:186299,0,USD,0,USD,7/9/95,NYSE:PT,,
816,884,c:3669,0,USD,40000000,USD,7/8/05,AIM: BGO,,
817,885,c:189859,0,USD,0,USD,11/16/07,EBR:ABLX,,
818,886,c:31008,0,USD,0,USD,8/20/04,NYSE:NYX,,
819,887,c:17862,0,USD,0,USD,1/3/94,NYSE:CVC,,
820,888,c:15832,0,USD,81000000,USD,3/13/13,NYSE:SSNI,http://www.greentechmedia.com/articles/read/silver-spring-raises-81m-in-ipo,Silver Spring Raises $81M in IPO
821,890,c:70680,0,USD,0,USD,,OTC:ATGN,,
822,891,c:192434,0,USD,0,USD,11/22/02,NYSE:CHA,,
823,892,c:47834,0,USD,170000000,USD,3/14/13,ASX:MSB,http://www.mesoblast.com/download/412/,MESOBLAST COMPLETES A$170M PRIVATE PLACEMENT
824,893,c:193437,0,USD,0,USD,,OTC:MDBX,,
825,894,c:137890,0,USD,56000000,USD,3/21/13,NASDAQ:ENTA,,
826,895,c:47906,0,USD,0,USD,10/1/12,NASDAQ:AMBA,,
827,896,c:4004,0,USD,105000000,USD,3/22/13,NYSE:MRIN,http://techcrunch.com/2013/03/22/ad-tech-specialist-marin-software-raises-105m-in-ipo-as-shares-pop-30-to-18-67/,"Ad-Tech Specialist Marin Software Raises $105M In IPO As Shares Pop 40%, But Now Under $18"
828,898,c:193887,0,USD,0,USD,12/23/09,TSX-V:VZX,http://www.vuzix.com/site/_news/12-23-Vuzix-IPO-Press-Release.pdf,VUZIX COMPLETES INITIAL PUBLIC OFFERING
829,899,c:3739,465000000,USD,79000000,USD,4/2/13,NASDAQ:MKTO,http://techcrunch.com/2013/04/02/marketo-files-for-75m-ipo-to-grow-saas-marketing-platform/,Marketo Files For $75M IPO To Grow SaaS Marketing Platform
830,900,c:24702,0,USD,0,USD,,OTC:VSTA,,
831,901,c:6306,315000000,USD,84000000,USD,4/12/13,RALY,http://techcrunch.com/2013/04/12/enterprise-specialist-rally-software-raises-84m-in-ipo-as-shares-pop-28-now-trading-at-18/,"Enterprise Specialist Rally Software Raises $84M In IPO As Shares Pop 28%, Now Trading At $18"
832,902,c:203897,0,USD,0,USD,10/14/83,OTC:COPY,,
833,903,c:73898,0,USD,0,USD,,NYSE:LRN,,
834,905,c:235,0,USD,0,USD,3/2/12,NASDAQ:BV,,
835,906,c:181418,0,USD,0,USD,12/15/10,CDON,http://www.nyemissioner.se/planerad-notering/cdon_group_ab/633,Börsnotering i CDON Group AB
836,907,c:48911,0,USD,0,USD,1/1/99,RSOF,,
837,908,c:14839,0,USD,254000000,USD,5/16/13,NYSE:DATA,http://techcrunch.com/2013/05/16/tableau-software-to-open-trading-on-the-nyse-at-31-per-share-with-market-symbol-data/,Tableau Software To Open Trading On The NYSE At $31 Per Share With Market Symbol DATA
838,909,c:24046,0,USD,70000000,USD,,NASDAQ:ESPR,,
839,910,c:24834,0,USD,54000000,USD,6/25/13,NASDAQ:NSTG,http://www.bizjournals.com/seattle/blog/techflash/2013/06/nanostring-technologies-sets-ipo-share.html,NanoString Technologies prices IPO shares at $10
840,911,c:213354,0,USD,0,USD,4/3/13,NYSE:ACT,,
841,912,c:30923,0,USD,0,USD,,NASDAQ:WCRX,,
842,913,c:163271,0,USD,0,USD,,OTC:ILIU,,
843,914,c:213383,0,USD,40300000,USD,5/20/13,NASDAQ:RMTI,http://finance.yahoo.com/news/rockwell-medical-closes-40-3-183423369.html?utm_source=twitterfeed&utm_medium=twitter&utm_campaign=DTN+Pharma+News:,Rockwell Medical Closes $40.3 Million Public Offering of Common Stock
844,915,c:66694,30000000,GBP,3880000,GBP,5/21/13,QXT.L,http://www.growthcompany.co.uk/news/2359378/quixant-joins-aim.thtml,Quixant joins AIM
845,917,c:177865,0,USD,0,USD,,OTC:CICI,,
846,918,c:27380,0,USD,0,USD,,NASDAQ:MBND,,
847,919,c:214629,0,USD,25000000,USD,5/21/13,NASDAQ:ADHD,http://www.globes.co.il/serveen/globes/docview.asp?did=1000845794,ADHD co Alcobra raises $25m on Nasdaq
848,920,c:624,287000000,USD,81000000,USD,5/23/13,NYSE:ECOM,http://www.valuewalk.com/2013/05/channeladvisor-corp-ecom-shares-soar-in-ipo-debut/,ChannelAdvisor Corp (ECOM) Shares Soar In IPO Debut
849,921,c:215136,232000000,USD,77000000,USD,5/22/13,NYSE:BRSS,http://media.corporate-ir.net/media_files/IROL/25/250692/Pricing_Press_Release_GBC.pdf,"GLOBAL BRASS AND COPPER HOLDINGS, INC. ANNOUNCES PRICING OF INITIAL PUBLIC OFFERING"
850,923,c:104377,0,USD,75000000,USD,6/27/13,NYSE:TRMR,http://www.bizjournals.com/newyork/news/2013/06/27/tremor-videos-stock-falls-after-ipo.html?page=all,"Tremor Videos stock falls after IPO, Silvercrest soars"
851,924,c:140259,0,USD,100000000,USD,5/7/13,NASDAQ:PTLA,http://www.nasdaq.com/article/portola-pharmaceuticals-sets-terms-for-100-million-ipo-cm244167,Portola Pharmaceuticals sets terms for $100 million IPO
852,925,c:65680,223000000,USD,51000000,USD,5/23/13,NASDAQ:PETX,http://www.renaissancecapital.com/ipohome/news/Pet-medication-developer-Aratana-Therapeutics-sets-terms-for-$51-million-IP-14631.html,Pet medication developer Aratana Therapeutics sets terms for $51 million IPO
853,926,c:47372,0,USD,65000000,USD,12/12/07,NYSE: VIT,http://www.nyse.com/press/1197459690853.html,VanceInfo Technologies Inc. Celebrates IPO on NYSE
854,927,c:216850,1100000000,USD,333000000,USD,5/22/13,NYSE:CSTM,http://www.constellium.com/media/news-and-press-releases/press-releases-only/constellium-announces-pricing-of-initial-public-offering,Constellium Announces Pricing of Initial Public Offering
855,928,c:215167,0,USD,0,USD,5/27/11,LON:GLEN,,
856,929,c:56788,0,USD,0,USD,,NASDAQ: AEGR,,
857,931,c:219194,0,USD,23000000,USD,5/30/13,NASDAQ:EVOK,http://www.fiercebiotech.com/story/san-diego-biotech-files-23m-ipo-gastroparesis-phiii/2013-05-30?utm_source=rss&utm_medium=rss,San Diego biotech files $23M IPO for gastroparesis PhIII
858,932,c:86009,0,USD,0,USD,7/1/08,Nasdaq:GTAT,,
859,933,c:139880,0,USD,0,USD,6/10/03,NYSE:KT,,
860,934,c:221142,0,USD,51600000,USD,5/31/13,NASDAQ:NDAQ,http://ir.nasdaqomx.com/releasedetail.cfm?ReleaseID=768400,NASDAQ Welcomes Kamada Ltd. [KMDA] to The NASDAQ Stock Market
861,935,c:47257,0,USD,57300000,USD,6/4/13,NASDAQ:ICEL,http://www.genomeweb.com/cellular-dynamics-files-ipo-targeting-573m,Cellular Dynamics Files for IPO Targeting $57.3M
862,936,c:56800,0,USD,0,USD,11/5/10,OTCBB:NVIV,http://www.massdevice.com/news/invivo-therapeutics-goes-public,InVivo Therapeutics goes public
863,937,c:222259,0,USD,345000000,USD,6/5/13,NYSE:ATHL,http://www.reuters.com/article/2013/06/05/athlonenergy-ipo-idUSL3N0EH2HB20130605,Apollo-backed Athlon Energy files for IPO of up to $345 mln
864,938,c:36788,322000000,USD,125000000,USD,6/20/13,NASDAQ:PTCT,http://www.xconomy.com/new-york/2013/06/20/ptc-therapeutics-ipo-raises-125m-despite-checkered-past/,PTC Therapeutics IPO Raises $125M Despite Checkered Past
865,939,c:10795,0,USD,0,USD,6/6/13,OTC:FNJN,http://www.freshnews.com/news/807957/finjan-holdings-announces-stock-ticker-symbol-change-to-fnjn-,"Finjan Holdings Announces Stock Ticker Symbol Change To ""FNJN"""
866,940,c:62886,0,USD,79000000,USD,6/6/13,NYSE:LITB,http://pevc.dowjones.com/article?an=DJFVW00020130606e966apm31&from=alert&pid=32&ReturnUrl=http%3a%2f%2fpevc.dowjones.com%3a80%2farticle%3fan%3dDJFVW00020130606e966apm31%26from%3dalert%26pid%3d32,LightInTheBox Raises $79M in U.S. IPO
867,941,c:171885,0,USD,15000000,USD,6/6/13,OTC:CGIX,http://www.genomeweb.com/arrays/cancer-genetics-files-15m-stock-offering,Cancer Genetics Files for $15M Stock Offering
868,942,c:63884,0,USD,0,USD,,NASDAQ: ENTR,,
869,943,c:65984,0,USD,0,USD,1/1/90,NYSE:TFX,,
870,944,c:72361,314000000,USD,75000000,USD,6/7/13,NYSE:TXTR,http://www.texturacorp.com/news/Textura%20Pricing%20Press%20Release%20_5%20mil%20shares.pdf,Textura Corporation Prices Initial Public Offering
871,945,c:37431,0,USD,0,USD,2/17/12,OTC:TNTY,,
872,946,c:3526,0,USD,0,USD,4/21/11,MKTG,http://www.responsys.com/marketing-resources/news-and-events/news-detail?entry=2353,Responsys Announces Pricing of Initial Public Offering
873,947,c:179475,0,USD,0,USD,6/23/09,MAHH.BO,http://articles.economictimes.indiatimes.com/2009-06-22/news/27665569_1_holidays-resorts-india-mhril-new-resorts,Mahindra Holidays IPO
874,948,c:38752,0,USD,86000000,USD,6/10/13,NASDAQ:AGIO,http://www.reuters.com/article/2013/06/10/us-agios-ipo-idUSBRE95915I20130610,Agios Pharmaceuticals files for IPO of up to $86 million
875,949,c:224595,0,USD,0,USD,,NASDAQ:QCOR,,
876,950,c:44687,0,USD,128250000,USD,6/11/13,NYSE:GIMO,http://www.bizjournals.com/sanjose/news/2013/06/11/gigamon-ipo-brings-in-1285m-prices.html,"Gigamon IPO brings in $128.25M, prices at mid-range"
877,951,c:225119,0,USD,0,USD,6/23/05,NASDAQ:GAIN,,
878,952,c:67218,0,USD,1000000000,USD,6/13/13,NYSE:COTY,http://www.altassets.net/private-equity-news/by-news-type/deal-news/private-equity-backed-coty-raises-1bn-via-ipo.html?utm_source=twitterfeed&utm_medium=twitter,Private equity-backed Coty raises $1bn via IPO
879,953,c:225501,0,USD,1330000000,USD,6/13/13,NASDAQ:HDS,http://www.reuters.com/article/2013/06/13/hdsupply-ipo-idUSL3N0EP3CG20130613?feedType=RSS&feedName=privateEquity,Carlyle-backed HD Supply plans to raise $1.33 bln in IPO
880,954,c:225619,0,USD,1600000000,USD,6/13/13,NYSE:AR,http://www.reuters.com/article/2013/06/13/antero-ipo-idUSL3N0EP3SK20130613,UPDATE 1-Warburg-controlled Antero Resources files for $1 bln IPO
881,955,c:225684,0,USD,0,USD,6/13/13,NASDAQ: OGXI,,
882,956,c:209318,3620128462,USD,599850000,USD,6/14/13,NASDAQ:CDW,http://gulfnews.com/business/markets/cdw-corporation-to-raise-641-7-million-through-ipo-1.1197759,Business | Markets  CDW Corporation to raise $641.7 million through IPO
883,957,c:68572,0,USD,69000000,USD,6/14/13,NASDAQ :CNAT,http://www.nasdaq.com/article/biotech-conatus-pharmaceuticals-files-for-a-69-million-ipo-cm253176,Conatus Pharmaceuticals Files for IPO
884,958,c:36920,0,USD,230000000,USD,6/17/13,NASDAQ:SALE,http://techcrunch.com/2013/06/17/online-coupon-giant-retailmenot-formerly-whaleshark-media-files-for-230m-ipo/,Online Coupon Giant RetailMeNot (Formerly WhaleShark Media) Files For $230M IPO
885,959,c:33411,0,USD,60000000,USD,5/21/13,NASDAQ:EPZM,http://www.renaissancecapital.com/ipohome/news/Biopharmaceutical-company-Epizyme-sets-terms-for-$60-million-IPO-14577.html?utm_source=dlvr.it&utm_medium=twitter,Biopharmaceutical company Epizyme sets terms for $60 million IPO
886,960,c:220180,0,USD,75000000,USD,6/17/13,NASDAQ:NDLS,http://www.renaissancecapital.com/ipohome/news/Fast-casual-restaurant-chain-Noodles-&-Company-sets-terms-for-$75-million-I-14903.html?utm_source=dlvr.it&utm_medium=twitter,Fast-casual restaurant chain Noodles & Company sets terms for $75 million IPO
887,962,c:168168,0,USD,75000000,USD,6/17/13,NASDAQ:ONTX,http://www.fiercebiotech.com/story/onconova-files-75m-ipo-new-offerings-sizzle/2013-06-17?utm_source=rss&utm_medium=rss&utm_source=twitterfeed&utm_medium=twitter,Onconova files $75M IPO as new offerings sizzle  Read more: Onconova files $75M IPO as new offerings sizzle - FierceBiotech http://www.fiercebiotech.com/story/onconova-files-75m-ipo-new-offerings-sizzle/2013-06-17#ixzz2WXbuwlzI Subscribe at FierceBiotech
888,963,c:227543,0,USD,212000000,USD,6/17/13,NYSE:WPT,http://www.renaissancecapital.com/ipohome/news/Oil-storage-company-World-Point-Terminals-files-for-a-$212-million-IPO-14913.html?utm_source=dlvr.it&utm_medium=twitter,Oil storage company World Point Terminals files for a $212 million IPO
889,964,c:227580,0,USD,115000000,USD,6/14/13,NYSE:IACG,http://www.renaissancecapital.com/ipohome/news/Wilbur-Ross-backed-global-auto-components-supplier-IAC-Group-files-for-a-$1-14888.html?utm_source=dlvr.it&utm_medium=twitter,Wilbur Ross-backed global auto components supplier IAC Group files for a $115 million IPO
890,965,c:208845,0,USD,21700000,USD,,NASDAQ:TTHI,,
891,966,c:227610,0,USD,60000000,USD,6/17/13,LSE:SFT,http://blogs.wsj.com/moneybeat/2013/06/17/alibaba-backed-sinosoft-tech-plans-60-million-hong-kong-ipo/,http://t.co/PDpV94D9HR
892,967,c:56007,0,USD,0,USD,,NASDAQ:ASTI,,
893,968,c:228072,0,USD,0,USD,,NYSE:EME,,
894,969,c:24713,0,USD,78000000,USD,6/18/13,NASDAQ:RNA,http://www.renaissancecapital.com/ipohome/news/RNA-therapeutics-biotech-Prosensa-sets-terms-for-$60-million-IPO-14921.html?utm_source=dlvr.it&utm_medium=twitter,RNA therapeutics biotech Prosensa sets terms for $60 million IPO
895,970,c:228119,0,USD,145000000,USD,6/18/13,NASDAQ:IRKO,http://www.renaissancecapital.com/ipohome/news/Iroko-Pharmaceuticals-files-for-a-$145-million-IPO-14928.html?utm_source=dlvr.it&utm_medium=twitter,Iroko Pharmaceuticals files for a $145 million IPO
896,971,c:43753,0,USD,101000000,USD,6/18/13,NASDAQ:BLUE,http://www.fiercebiotech.com/story/bluebird-ipo-busts-out-raises-101m-biotech-offerings-turn-red-hot/2013-06-18,"Bluebird IPO busts out, raises $101M as biotech offerings turn red hot  Read more: Bluebird IPO busts out, raises $101M as biotech offerings turn red hot - FierceBiotech http://www.fiercebiotech.com/story/bluebird-ipo-busts-out-raises-101m-biotech-offerin"
897,972,c:196984,0,USD,0,USD,,Nasdaq:EXAS,,
898,973,c:27657,0,USD,80000000,USD,5/28/13,NYSE:LXFT,http://rusbase.com/news/author/benhopkins/luxoft-holding-files-ipo/,Luxoft Holding files for IPO
899,974,c:44254,0,USD,0,USD,,sdfsdf,,
900,975,c:228586,0,USD,0,USD,,NASDAQ:AVHI,,
901,976,c:17181,0,USD,0,USD,8/7/09,KOSDAQ:063080,,
902,977,c:228623,0,USD,10000000,USD,6/19/13,NYSE:PAL,http://t.co/Uo1RVqSfnt,North American Palladium Announces Closing of First $10-Million Tranche of Private Placement of Flow-Through Shares
903,978,c:32980,0,USD,0,USD,,NASDAQ:POWR,,
904,979,c:164449,0,USD,0,USD,,NASDAQ:CG,,
905,980,c:37437,0,USD,642000000,USD,6/17/13,NASDAQ:CDW,http://thevarguy.com/information-technology-merger-and-acquistion-news/technology-ipo-cdw-files-raise-642-million?utm_source=062013&utm_medium=TVG&utm_campaign=NL&elq=~~eloqua..type--emailfield..syntax--recipientid~~&elqCampaignId=~~eloqua..type--campaign,Technology IPO: CDW Files to Raise $642 Million
906,981,c:75365,0,USD,80000000,USD,5/10/13,NYSE:BIOA,http://www.biofuelsdigest.com/bdigest/2013/05/10/bioamber-completes-ipo/?utm_source=twitterfeed&utm_medium=twitter,BioAmber completes IPO
907,982,c:24930,0,USD,947000000,USD,5/9/13,NYSE:Q,http://uk.reuters.com/article/2013/05/09/us-quintiles-ipo-idUKBRE94801C20130509,Quintiles IPO raises more-than-planned $947 million as stocks rally
908,983,c:229116,0,USD,250000000,USD,6/20/13,NASDAQ:EAGL,http://www.renaissancecapital.com/ipohome/news/Blank-check-company-Silver-Eagle-Acquisition-files-and-sets-terms-for-$250--14953.html?utm_source=dlvr.it&utm_medium=twitter,Blank check company Silver Eagle Acquisition files and sets terms for $250 million IPO
909,984,c:35727,0,USD,0,USD,,NASDAQ:ECTE,,
910,985,c:229301,0,USD,575000000,USD,6/14/13,NYSE:MEP,http://www.renaissancecapital.com/ipohome/news/Enbridge-Energy-Partners-files-for-$575-million-IPO-of-Midcoast-Energy-Part-14881.html?utm_source=dlvr.it&utm_medium=twitter,Enbridge Energy Partners files for $575 million IPO of Midcoast Energy Partners  6/14/13
911,986,c:229328,0,USD,966000000,USD,8/14/13,NYSE:EVHC,http://www.renaissancecapital.com/ipohome/news/Envision-Healthcare-prices-upsized-IPO-at-$23-high-end-raising-$966-million-15551.html?utm_source=dlvr.it&utm_medium=twitter,"Envision Healthcare prices upsized IPO at $23 high end, raising $966 million"
912,987,c:144059,0,USD,187000000,USD,6/21/13,NASDAQ:GOGO,http://skift.com/2013/06/21/gogo-ipo-raises-187-million-with-plans-for-international-expansion/,Gogo IPO raises $187 million with plans for international expansion
913,988,c:175876,0,USD,0,USD,,NYSE:RAD,,
914,989,c:57216,0,USD,0,USD,,NYSE:PRI,,
915,991,c:230996,0,USD,0,USD,6/24/13,NASDAQ:OLED,http://www.freshnews.com/news/814005/infinity-reports-phase-1-data-showing-encouraging-clinical-activity-ipi-145-across-broa,Universal Display Corporation Stock Symbol Changes to OLED
916,992,c:52388,0,USD,0,USD,,NASDAQ:ATNY,,
917,994,c:207014,0,USD,0,USD,,NASDAQ:CYTK,,
918,996,c:148258,0,USD,0,USD,7/3/08,NASDAQ:SSYS,,
919,997,c:191451,0,USD,0,USD,11/27/12,OTC:ECAU,,
920,998,c:202665,0,USD,0,USD,7/28/04,NASDAQ:MNKD,,
921,999,c:233822,0,USD,0,USD,,TLV:NSVX,,
922,1000,c:5067,0,USD,60000000,USD,7/1/13,NASDAQ;CTRL,http://gigaom.com/2013/07/01/connected-home-startup-control4-files-for-an-ipo-for-up-to-60m/,Connected home startup Control4 files for an IPO for up to $60M
923,1001,c:73152,0,USD,60000000,USD,7/1/13,NASDAQ:MBII,http://pevc.dowjones.com/article?an=DJFVW00020130701e971u5v7j&from=alert&pid=32&ReturnUrl=http%3a%2f%2fpevc.dowjones.com%2farticle%3fan%3dDJFVW00020130701e971u5v7j%26from%3dalert%26pid%3d32,Marrone Bio Innovations Files IPO
924,1002,c:1063,0,USD,65000000,USD,7/2/13,NYSE:YUME,http://techcrunch.com/2013/07/02/yume-ipo/,"Main Event Page news Comment 0 inShare9 Another Video Ad Network Plans To Go Public, As YuMe Files For $65 Million IPO"
925,1004,c:69009,0,USD,0,USD,,OTC:AVTC,,
926,1005,c:155640,0,USD,0,USD,,NASDAQ:NETE,,
927,1007,c:181366,0,USD,0,USD,1/1/00,NASDAQ:SRPT,,
928,1008,c:217400,0,USD,0,USD,1/5/11,OTC:ALQA,,
929,1009,c:235777,0,USD,128000000,USD,8/8/13,NASDAQ:FOXF,http://www.bizjournals.com/sanjose/news/2013/08/08/fox-raises-128m-in-public-market-debut.html?ana=RSS&s=article_search&utm_source=twitterfeed&utm_medium=twitter&utm_campaign=Feed%3A+bizj_sanjose+%28Silicon+Valley+%2F+San+Jose+Business+Journal%29,"Fox raises $128M in public debut, ends day up 24%"
930,1010,c:24131,0,USD,82000000,USD,7/18/13,NASDAQ:OMED,http://www.bizjournals.com/sanjose/news/2013/07/18/oncomed-prices-high-raises-82m-in-ipo.html?ana=RSS&s=article_search&utm_source=twitterfeed&utm_medium=twitter&utm_campaign=Feed%3A+bizj_sanjose+%28Silicon+Valley+%2F+San+Jose+Business+Journal%29,OncoMed soars 60% after $82M IPO
931,1011,c:218734,0,USD,0,USD,,OTCQB:AVXL,,
932,1012,c:219568,0,USD,0,USD,,NASDAQ:HAS,,
933,1013,c:149998,0,USD,0,USD,,NASDAQ:ACLS,,
934,1014,c:3399,0,USD,117600000,USD,7/9/13,NYSE:CVT,http://www.washingtonpost.com/business/capitalbusiness/mclean-based-cvent-raises-1176m-in-ipo/2013/08/09/60c6a634-ffb0-11e2-9a3e-916de805f65d_story.html,McLean-based Cvent raises $117.6M in IPO
935,1015,c:24028,0,USD,160000000,USD,8/8/13,NYSE:XON,http://wraltechwire.com/synthetic-bio-company-intrexon-raises-160m-in-ipo/12756258/,Synthetic bio company Intrexon raises $160M in IPO
936,1016,c:236144,0,USD,147000000,USD,7/9/13,TSX:ISV,http://canadianprivateequity.com/information-services-corporation-closes-147-million-privatization-ipo/2013/07/09/?utm_content=buffer9297a&utm_source=buffer&utm_medium=linkedin&utm_campaign=Buffer,Information Services Corporation closes $147 million privatization IPO
937,1017,c:233860,0,USD,0,USD,,NASDAQ:MYL,,
938,1019,c:584,0,USD,0,USD,,NASDAQ:UNTD,,
939,1020,c:70725,367000000,USD,109000000,USD,11/1/10,SODA,http://www.globes.co.il/serveen/globes/docview.asp?did=1000598603&fid=1725,SodaStream IPO makes a splash on Nasdaq
940,1021,c:38270,0,USD,0,USD,,OTC:MEDL,,
941,1022,c:100844,0,USD,0,USD,8/1/07,ATTU,http://www.attunity.com/news/attunity-receives-nasdaq%E2%80%99s-approval-trade-nasdaq-capital-market,ATTUNITY receives Nasdaqs approval to trade on the Nasdaq Capital Market
942,1023,c:238118,0,USD,0,USD,1/17/08,NASDAQ:EZCH,,
943,1024,c:23054,0,USD,150000000,USD,1/1/11,Velt,http://mcommerce.roamdata.com/2011/01/mobile-ad-firm-velti-raises-150-million-in-u-s-ipo/,"ROAM DATA SMART MCOMMERCE NEWS ROAM Data Smart mCommerceThe definitive source for ALL things related to ""mcommerce"" and mobile commerce. CommentsPosts  HOME ABOUT ROAM BLOGGER « HP CEO says new webOS products soon, another announcement coming in March"
944,1025,c:223425,210000000,USD,69000000,USD,6/10/04,PDSN,http://www.nasdaq.com/markets/ipos/company/powerdsine-ltd-636727-39631,POWERDSINE LTD (PDSN) IPO
945,1026,c:13922,1096000000,USD,160,USD,5/4/11,RPXC,http://www.businessweek.com/ap/financialnews/D9N0JP5G0.htm and http://ycharts.com/companies/RPXC/market_cap,RPX raises about $159.6M from its IPO
946,1027,c:238321,0,USD,0,USD,,TSX:AD,,
947,1028,c:50214,0,USD,0,USD,,NASDAQ:RGLS,,
948,1029,c:210969,794000000,USD,187000000,USD,3/25/99,ONEM,http://www.nasdaq.com/markets/ipos/company/onemain-com-inc-10367-4537,NASDAQ: ONEMAIN IPO
949,1030,c:61691,0,USD,52000000,USD,7/17/13,NASDAQ:VSTM,http://www.bizjournals.com/boston/blog/bioflash/2013/07/verastem-raises-52m-in-first-stock.html?ana=RSS&s=article_search&utm_source=twitterfeed&utm_medium=twitter&utm_campaign=Feed%3A+bizj_boston+%28Boston+Business+Journal%29,Verastem raises $52M in first stock offering since IPO
950,1031,c:238715,0,USD,100000000,USD,7/17/13,NASDAQ:FSFR,http://www.nasdaq.com/press-release/fifth-street-senior-floating-rate-corp-raises-100-million-in-gross-proceeds-in-connection-with-initial-public-offering-of-common-stock-20130717-00797,Fifth Street Senior Floating Rate Corp. Raises $100 Million in Gross Proceeds in Connection With Initial Public Offering of Common Stock  Read more: http://www.nasdaq.com/press-release/fifth-street-senior-floating-rate-corp-raises-100-million-in-gross-pro
951,1032,c:218416,0,USD,0,USD,,NYSE: HRG,,
952,1034,c:70824,0,USD,0,USD,,NASDAQ:NLST,,
953,1035,c:69980,0,USD,0,USD,,OTC:IMSC,,
954,1037,c:225252,0,USD,0,USD,,NASDAQ:OXBT,,
955,1038,c:183668,0,USD,0,USD,,OTC:APDN,,
956,1039,c:46268,0,USD,0,USD,,NYSE:TEVA,,
957,1040,c:158876,0,USD,0,USD,7/23/13,NASDAQ:HTBX,http://www.marketwire.com/press-release/heat-biologics-inc-announces-pricing-initial-public-offering-2500000-shares-common-stock-1813952.htm?utm_content=buffer7ac02&utm_source=buffer&utm_medium=twitter&utm_campaign=Buffer,"Heat Biologics, Inc. Announces Pricing of Initial Public Offering of 2,500,000 Shares of Common Stock"
958,1041,c:230775,0,USD,0,USD,2/4/11,OTCBB:XXII,,
959,1042,c:4999,450000000,USD,150000000,USD,3/9/01,NASDAQ:LDCL,http://news.cnet.com/Loudclouds-IPO-far-from-thunderous/2100-1033_3-253855.htmll,Loudcloud's IPO far from thunderous
960,1043,c:37880,0,USD,0,USD,7/24/13,NASDAQ:XGTI,http://www.freshnews.com/news/825119/xg-technology-announces-closing-public-offering-common-stock-and-warrants-purchase-comm,xG Technology Announces Closing of Public Offering of Common Stock and Warrants to Purchase Common Stock
961,1044,c:241173,0,USD,0,USD,7/24/13,OTCBB:SGLB,http://www.freshnews.com/news/824904/sigma-labs-inc-raises-1-2-million-dollars-through-recent-private-placement-offering,"Sigma Labs, Inc. Raises 1.2 Million Dollars Through Recent Private Placement Offering"
962,1045,c:219155,0,USD,0,USD,,NASDAQ:CRDS,,
963,1046,c:23609,0,USD,0,USD,7/26/13,NASDAQ:FPRX,http://pevc.dowjones.com/article?an=DJFVW00020130726e97qtp19w&from=alert&pid=32&ReturnUrl=http%3a%2f%2fpevc.dowjones.com%2farticle%3fan%3dDJFVW00020130726e97qtp19w%26from%3dalert%26pid%3d32,Five Prime Therapeutics Files for IPO
964,1047,c:20266,0,USD,0,USD,12/14/93,NYSE:SPG,http://www.nyse.com/about/listed/spg.html,NYSE
965,1048,c:171601,0,USD,0,USD,,NYSE: GNRC,,
966,1049,c:26609,0,USD,0,USD,,NASDAQ:CMTL,,
967,1050,c:46007,0,USD,108000000,USD,7/29/13,NASDAQ:FMI,http://www.foundationmedicine.com/pdf/news-releases/2013-07-29_FMI_S1_FINAL.pdf,Foundation Medicine Files Registration Statement for Proposed Initial Public Offering of Common Stock
968,1051,c:212510,0,USD,0,USD,7/30/13,Nasdaq: TSRX,,
969,1052,c:209146,0,USD,0,USD,,NASDAQ:ARRY,,
970,1054,c:243703,0,USD,0,USD,,NYSE:UEC,,
971,1055,c:15273,0,USD,0,USD,,NASDAQ: EOPN,http://www.freshnews.com/news/827217/e2open-acquires-icon-scm,E2open Acquires icon-scm
972,1056,c:29411,0,USD,0,USD,11/18/05,LON:KFX,,
973,1057,c:77195,0,USD,305000000,USD,8/1/13,NYSE:KKR,http://www.pehub.com/2013/08/01/kkr-raises-305-mln-funds-ipo/?utm_source=dlvr.it&utm_medium=twitter,KKR Raises $305 Mln for Funds IPO
974,1058,c:1360,0,USD,0,USD,8/1/13,NASDAQ:BCOR,http://www.freshnews.com/news/828015/blucora-acquire-monoprice,Blucora to Acquire Monoprice
975,1059,c:12451,0,USD,0,USD,,NASDAQ:RNET,,
976,1060,c:244768,0,USD,0,USD,2/9/08,NYSE:POST,https://www.google.com/finance?cid=870352303549777,
977,1061,c:245010,0,USD,0,USD,,OTC:LTNC,,
978,1062,c:245196,0,USD,0,USD,,OTC:AMNL,,
979,1063,c:245202,0,USD,0,USD,,NYSE:TGX,,
980,1064,c:245405,0,USD,0,USD,,OTC: ATVP,,
981,1065,c:245407,0,USD,0,USD,,OTC:TTEG,,
982,1066,c:245559,0,USD,0,USD,8/6/13,NASDAQ:PDCE,http://www.bizjournals.com/denver/blog/earth_to_power/2013/08/pdc-hopes-to-raise-243-million-in.html?ana=RSS&s=article_search&cid=dlvr.it,PDC Energy hopes to raise $243M in stock offering
983,1068,c:245874,0,USD,48000000,USD,8/7/13,NASDAQ:VNDA,http://www.bizjournals.com/washington/news/2013/08/07/vanda-pharmaceuticals-to-raise-48m-in.html,Vanda Pharmaceuticals to raise $48M in stock sale
984,1069,c:31070,0,USD,0,USD,8/7/13,NASDAQ:TQNT,http://www.freshnews.com/news/830584/triquint-acquires-cap-wireless-and-its-spatium-technology,TriQuint Acquires CAP Wireless and Its Spatium Technology
985,1070,c:25625,0,USD,0,USD,,NYSE:ACM,,
986,1072,c:181675,0,USD,46600000,USD,8/8/13,NYSE:ONVO,http://ir.organovo.com/news/press-releases/press-releases-details/2013/Organovo-Holdings-Inc-Closes-466-Million-Public-Offering-of-Common-Stock-and-Exercise-of-Over-Allotment-Option,"Organovo Holdings, Inc. Closes $46.6 Million Public Offering of Common Stock and Exercise of Over-Allotment Option"
987,1073,c:27384,35000000,USD,0,USD,8/8/13,NASDAQ: HNSN,http://www.freshnews.com/news/831177/hansen-medical-announces-closing-equity-financing-,Hansen Medical Announces Closing of Equity Financing
988,1075,c:15760,0,USD,0,USD,,NASDAQ:PFPT,,
989,1077,c:234793,0,USD,0,USD,,OTC:MSLP,,
990,1079,c:85969,0,USD,0,USD,,NYSE:SPW,,
991,1080,c:57929,0,USD,0,USD,,NYSE:DUK,,
992,1081,c:3855,0,USD,0,USD,,NASDAQ:WBMD,,
993,1082,c:10704,1100000000,USD,187500000,USD,11/14/13,NYSE:CHGG,http://techcrunch.com/2013/11/13/in-187-5m-ipo-chegg-debuts-on-nyse-in-twitters-shadow-as-shares-slump-15-percent/,"In $187.5M IPO, Chegg Debuts On NYSE In Twitters Shadow, As Shares Slump 15 Percent"
994,1084,c:35863,0,USD,0,USD,,NASDAQ:FATE,,
995,1085,c:228745,0,USD,0,USD,,OTC QB:CYDY,,
996,1086,c:247904,0,USD,0,USD,8/14/13,TSXV: LEC,http://www.newswire.ca/en/story/1210743/lignol-energy-corporation-receives-increased-credit-facility-of-up-to-12-5-million-from-difference-capital-financial-inc,Lignol Energy Corporation receives increased credit facility of up to $12.5 Million from Difference Capital Financial Inc.
997,1087,c:254958,0,USD,0,USD,,OTC:WNTR,,
998,1088,c:254972,0,USD,172500000,USD,8/15/13,NASDAQ:QPACU,http://www.bizjournals.com/stlouis/morning_call/2013/08/quinpario-raises-1725-million-in-ipo.html?ana=twt,Quinpario raises $172.5 million in IPO
999,1089,c:141691,0,USD,11300000,CAD,2/1/11,RSS,http://www.cnsx.ca,
1000,1090,c:3447,0,USD,0,USD,,NASDAQ:LOOK,,
1001,1092,c:255360,0,USD,0,USD,,OTC:RTRX,,
1002,1093,c:142492,0,USD,0,USD,8/16/13,NYSE: XPO,http://www.xpologistics.com/about/about-xpo/our-company,Our Company
1003,1094,c:28336,0,USD,0,USD,,NASDAQ:TXCC,,
1004,1095,c:29778,0,USD,116000000,USD,8/19/13,NYSE: FUEL,http://www.bizjournals.com/sanjose/news/2013/09/19/rocket-fuel-hits-top-of-ipo-target.html?ana=RSS&s=article_search&utm_source=twitterfeed&utm_medium=twitter&utm_campaign=Feed%3A+bizj_sanjose+%28Silicon+Valley+%2F+San+Jose+Business+Journal%29,"Rocket Fuel hits top of IPO target, raises $116M"
1005,1096,c:71350,20000000,USD,2500000,USD,5/2/11,SMTP,http://www.xconomy.com/boston/2011/05/02/semyon-dukach-the-mit-blackjack-king-takes-smtp-public-in-latest-effort-to-fight-the-power/,xconomy
1006,1097,c:37966,0,USD,0,USD,,NASDAQ:RGDO,,
1007,1098,c:217859,0,USD,0,USD,1/1/13,OTC: PLPM,http://www.interatlanticgroup.com/?page_id=11#planetpayment,Planet Payment (OTCQX: PLPM)
1008,1099,c:206216,0,USD,0,USD,,NYSE:ABT,,
1009,1100,c:168180,0,USD,0,USD,,NASDAQ:MNDL,,
1010,1102,c:63598,0,USD,0,USD,,NYSE:DLR,,
1011,1103,c:256975,0,USD,0,USD,,NASDAQ:GTIM,,
1012,1104,c:219152,0,USD,0,USD,6/21/10,OTC:SBOTF,,
1013,1105,c:173394,0,USD,0,USD,,NASDAQ:AMOT,,
1014,1106,c:11227,0,USD,0,USD,,Nasdaq: LTRX,http://www.lantronix.com/about/,About Us
1015,1107,c:257428,0,USD,0,USD,,NYSE MKT: ETAK,http://www.elephanttalk.com/about-us,About Us
1016,1108,c:246769,0,USD,65000000,USD,8/23/13,NASDAQ:SPHS,http://www.biospace.com/news_story.aspx?StoryID=306660&full=1,Sophiris Bio Inc. (SHS.TO) Closes $65 Million Public Offering
1017,1109,c:181557,0,USD,0,USD,,Nasdaq:FRP,,
1018,1110,c:10106,0,USD,0,USD,6/21/02,NYSE:TRI,,
1019,1111,c:25574,0,USD,0,USD,5/30/08,OTCMKTS:CRWG,,
1020,1112,c:30060,0,USD,0,USD,11/11/05,NYSE:IHS,,
1021,1113,c:258641,0,USD,0,USD,,NASDAQ:JTPY,,
1022,1114,c:28285,0,USD,0,USD,5/13/05,NASDAQ:MORN,,
1023,1115,c:12137,0,USD,0,USD,1/13/78,NYSE:JNJ,,
1024,1116,c:212,0,USD,0,USD,6/20/08,NYSE:SNI,,
1025,1118,c:40456,0,USD,0,USD,8/26/13,NYSE:VMEM,http://allthingsd.com/20130826/at-last-violin-memory-files-for-173-million-ipo/,"At Last, Violin Memory Files for $173 Million IPO"
1026,1119,c:26486,0,USD,0,USD,1/13/78,NYSE:DLX,,
1027,1120,c:258832,0,USD,0,USD,,OTC:ATERF,,
1028,1121,c:10453,0,USD,0,USD,6/24/11,NYSE:RATE,,
1029,1122,c:26707,0,USD,0,USD,4/3/81,NASDAQ:MSCC,,
1030,1124,c:32780,0,USD,0,USD,6/6/80,NYSE:MOG.A,,
1031,1125,c:20211,0,USD,0,USD,1/13/78,NYSE:MMM,,
1032,1126,c:29025,0,USD,0,USD,1/13/78,NYSE:WMT,,
1033,1127,c:24869,0,USD,0,USD,7/29/99,NASDAQ:PRFT,,
1034,1128,c:3524,0,USD,0,USD,10/12/07,NASDAQ:CTCT,,
1035,1129,c:1071,0,USD,0,USD,11/13/09,NASDAQ:ACOM,,
1036,1130,c:49909,0,USD,0,USD,12/3/99,NYSE:TDY,,
1037,1131,c:258933,0,USD,0,USD,8/13/07,NASDAQ:NEPT,,
1038,1132,c:258957,0,USD,0,USD,2/5/13,OTC:GFOO,,
1039,1133,c:220475,0,USD,0,USD,8/27/08,OTC:FTER,,
1040,1136,c:1916,0,USD,0,USD,1/13/78,NYSE:GE,,
1041,1137,c:26797,0,USD,0,USD,10/27/00,NASDAQ:XXIA,,
1042,1138,c:26599,0,USD,0,USD,8/13/99,OTCBB:SYTE,,
1043,1139,c:28385,0,USD,0,USD,7/10/87,NASDAQ:EBIX,,
1044,1140,c:23339,0,USD,0,USD,1/24/83,NASDAQ:AMGN,,
1045,1141,c:17487,0,USD,0,USD,2/22/02,NYSE:GME,,
1046,1142,c:48483,0,USD,0,USD,3/9/07,NASDAQ:PAET,,
1047,1143,c:3132,0,USD,0,USD,4/4/02,TPE:2498,,
1048,1144,c:674,0,USD,0,USD,4/8/04,NASDAQ:MCHX,,
1049,1145,c:25740,0,USD,0,USD,5/3/94,NASDAQ:NKTR,,
1050,1146,c:988,0,USD,0,USD,1/11/08,NASDAQ:SATS,,
1051,1147,c:1335,0,USD,0,USD,1/10/03,NASDAQ:TST,,
1052,1149,c:5346,0,USD,0,USD,11/26/99,NASDAQ:BCSI,,
1053,1150,c:565,0,USD,0,USD,6/3/11,NYSE:ACTV,,
1054,1151,c:259804,0,USD,0,USD,11/27/96,NYSE:GEL,,
1055,1152,c:12352,0,USD,0,USD,12/14/12,NASDAQ:SCTY,,
1056,1153,c:9743,0,USD,0,USD,7/27/12,NYSE:PANW,,
1057,1154,c:181067,0,USD,0,USD,5/24/91,NASDAQ:ISIS,,
1058,1155,c:1665,0,USD,0,USD,7/1/11,NASDAQ:KIOR,,
1059,1156,c:25149,0,USD,0,USD,12/3/10,NASDAQ:ANAC,,
1060,1157,c:217891,0,USD,0,USD,10/24/95,NASDAQ: PCYC,,
1061,1158,c:4209,0,USD,0,USD,11/25/11,NASDAQ:ANGI,,
1062,1159,c:53,0,USD,0,USD,10/4/12,NYSE:LOCK,,
1063,1160,c:23911,0,USD,0,USD,7/21/95,NYSE:SUNE,,
1064,1161,c:28373,0,USD,0,USD,7/1/02,NYSE: SNY,,
1065,1162,c:3060,0,USD,0,USD,10/15/12,NYSE:WDAY,,
1066,1163,c:31266,0,USD,0,USD,6/22/07,NYSE:OPK,,
1067,1164,c:260563,0,USD,0,USD,,NASDAQ: AXDX,,
1068,1165,c:40670,0,USD,0,USD,8/28/13,Nasdaq: SQI,,
1069,1166,c:261265,0,USD,0,USD,,TSX.V: AMW,,
1070,1167,c:261680,0,USD,0,USD,6/25/13,OTC:SNWR,,
1071,1169,c:24705,0,USD,0,USD,1/31/13,NASDAQ:KBIO,,
1072,1170,c:200926,0,USD,0,USD,10/16/03,NYSE: CNC,,
1073,1171,c:68519,0,USD,0,USD,1/2/90,NASDAQ:CGNX,,
1074,1172,c:71598,0,USD,0,USD,4/8/13,RMGN,http://finance.yahoo.com/news/rmg-networks-scg-financial-acquisition-110000157.html,RMG Networks and SCG Financial Acquisition Corp. Announce Agreement for Business Combination
1075,1173,c:263471,0,USD,0,USD,,NASDAQ:CPRX,,
1076,1174,c:263480,0,USD,0,USD,1/3/94,NASDAQ:IBCP,,
1077,1176,c:227967,0,USD,0,USD,1/1/00,Nasdaq:CBRX,,
1078,1177,c:49254,0,USD,0,USD,11/1/96,NYSE:IM,,
1079,1178,c:191520,0,USD,0,USD,11/10/99,NYSE:UPS,,
1080,1179,c:264262,0,USD,0,USD,9/23/09,OTC:CLDS,,
1081,1180,c:261911,0,USD,0,USD,1/1/00,NASDAQ: ASTX,,
1082,1181,c:203161,0,USD,0,USD,9/15/08,NYSE:FBN,,
1083,1183,c:264671,0,USD,0,USD,9/9/96,NYSE: FMS,,
1084,1184,c:231215,0,USD,0,USD,,NASDAQ: PERI,,
1085,1185,c:264820,0,USD,0,USD,9/13/13,OTC:ANPZ,,
1086,1186,c:25684,0,USD,0,USD,3/26/90,NYSE: CLH,,
1087,1187,c:225094,0,USD,0,USD,1/1/00,OTCBB:CNSO,,
1088,1189,c:74265,0,USD,0,USD,7/5/05,OTC BB:NNVCD,,
1089,1190,c:56442,0,USD,0,USD,1/28/08,OTC:LSCG,,
1090,1191,c:265272,0,USD,0,USD,9/11/13,NYSE : ALEX,,
1091,1192,c:234985,0,USD,0,USD,1/1/96,PREC,,
1092,1195,c:237548,0,USD,0,USD,,TSE: 4508,,
1093,1196,c:265625,0,USD,0,USD,12/16/98,NASDAQ:MCBI,,
1094,1197,c:265622,0,USD,0,USD,2/3/99,NASDAQ:EWBC,,
1095,1198,c:265675,0,USD,0,USD,9/17/03,NASDAQ:OLBK,,
1096,1199,c:199642,0,USD,0,USD,4/6/00,NASDAQ:SGMO,,
1097,1200,c:59379,0,USD,0,USD,11/14/08,OTC:MPSYY,,
1098,1201,c:265792,0,USD,0,USD,1/1/00,OTC:ONCS,,
1099,1202,c:65183,0,USD,0,USD,11/1/07,NASDAQ:NSPH,,
1100,1203,c:225868,0,USD,0,USD,3/16/00,NASDAQ:GTIV,,
1101,1204,c:78383,0,USD,0,USD,,NSE:JUSTDIAL,http://en.wikipedia.org/wiki/Justdial,wikipedia.org
1102,1205,c:266183,0,USD,0,USD,,NASDAQ:BIND,,
1103,1206,c:15563,0,USD,304000000,USD,9/20/13,NASDAQ:FEYE,http://techcrunch.com/2013/09/21/fireeye-shares-jump-16-points-in-first-day-of-public-trading-and-raises-304m-as-interest-soars-for-security-companies/,FireEye Shares Jump $16 In First Day Of Public Trading As Interest Soars For Security Companies
1104,1207,c:215819,0,USD,0,USD,12/7/07,NASDAQ:AUXL,,
1105,1208,c:73330,0,USD,0,USD,1/3/94,NASDAQ: CYBX,,
1106,1209,c:207212,0,USD,0,USD,1/1/00,OTC:FRFHF,,
1107,1210,c:266896,0,USD,0,USD,10/2/10,MLX:ASX,,
1108,1211,c:266936,0,USD,0,USD,9/22/08,OTC:ASTV,,
1109,1213,c:255756,0,USD,0,USD,6/15/10,NASDAQ:FURX,,
1110,1214,c:202427,0,USD,0,USD,6/3/94,OTC:LJPC,,
1111,1215,c:267527,0,USD,0,USD,1/1/00,NYSE:AMPE,,
1112,1216,c:18293,0,USD,0,USD,9/14/12,OTC:WANSF,,
1113,1217,c:11318,0,USD,0,USD,1/1/00,NYSE:F,,
1114,1218,c:260351,0,USD,0,USD,,NYSE: PCL,,
1115,1219,c:949,0,USD,97500000,USD,9/27/13,NYSE:RNG,http://bigstory.ap.org/article/ringcentral-jumps-after-raising-975m-ipo,RINGCENTRAL JUMPS AFTER RAISING $97.5M IN IPO
1116,1220,c:267873,0,USD,0,USD,1/29/08,NASDAQ:ATAI,,
1117,1221,c:268225,0,USD,352000000,USD,10/2/13,NASDAQ:PEGI,http://www.marketwatch.com/story/pattern-energy-group-inc-completes-us352-million-initial-public-offering-2013-10-02-81735153,Pattern Energy Group Inc. Completes US$352 Million Initial Public Offering
1118,1222,c:25238,0,USD,62000000,USD,9/27/13,NASDAQ:ENZY,http://www.pehub.com/2013/09/27/enzymotec-raises-62-mln-ipo/?utm_source=dlvr.it&utm_medium=twitter,Enzymotec raises $62 mln for IPO
1119,1223,c:268394,0,USD,0,USD,5/5/10,NASDAQ:CHRM,,
1120,1224,c:227815,0,USD,0,USD,1/1/00,NYSE:B,,
1121,1225,c:268818,0,USD,0,USD,,NYSE:RLGT,,
1122,1226,c:268828,0,USD,0,USD,,OTC:CLSXY,,
1123,1227,c:32412,0,USD,0,USD,11/21/10,NASDAQ:ZGNX,,
1124,1228,c:36004,0,USD,0,USD,,NYSE:QUNR,,
1125,1229,c:29610,0,USD,0,USD,10/18/00,NYSE:MON,,
1126,1230,c:82286,0,USD,220000000,USD,,NYSE:RMAX,http://www.denverpost.com/business/ci_24218488/re-max-raises-220-million-ipo-pricing-shares?source=rss&utm_source=dlvr.it&utm_medium=twitter,"Re/Max raises $220 million in IPO, pricing shares above range"
1127,1231,c:269078,0,USD,0,USD,12/16/91,NASDAQ:BOKF,,
1128,1232,c:40709,0,USD,0,USD,2/1/06,NASDAQ:HWAY,,
1129,1233,c:171939,0,USD,0,USD,6/6/07,OTC:WGBS,,
1130,1234,c:269148,0,USD,0,USD,3/25/92,NASDAQ:STEM,,
1131,1235,c:269236,0,USD,0,USD,1/3/94,NASDAQ:FITB,,
1132,1236,c:254996,0,USD,0,USD,8/5/99,NASDAQ:ICGE,,
1133,1237,c:204657,0,USD,105000000,USD,,NASDAQ:PBPB,http://www.suntimes.com/22958140-420/potbelly-raises-105m-from-ipo.html?utm_source=dlvr.it&utm_medium=twitter,Potbelly raises $105M from IPO
1134,1239,c:81355,0,USD,0,USD,9/30/13,OTN:RYUN,,
1135,1240,c:38729,0,USD,0,USD,6/9/05,NASDAQ:ABTL,,
1136,1241,c:67716,0,USD,0,USD,1/10/07,NYSE:TWC,,
1137,1242,c:34373,0,USD,0,USD,,NASDAQ:GLYC,,
1138,1244,c:80545,0,USD,0,USD,3/26/90,NASDAQ:NTSC,,
1139,1245,c:36770,0,USD,0,USD,9/11/09,OTC:AMCY,,
1140,1246,c:231551,0,USD,260000000,USD,10/2/13,NYSE:BURL,,
1141,1247,c:220381,0,USD,0,USD,8/19/11,OTC:ATCH,,
1142,1248,c:270645,0,USD,0,USD,7/7/11,NASDAQ:DAEG,,
1143,1249,c:2623,0,USD,0,USD,,CVE:SLN,http://www.marketwatch.com/story/epals-announces-c10-million-non-brokered-private-placement-led-by-gsv-capital-corp-and-epals-chairman-miles-gilburne-2013-10-02,
1144,1250,c:270772,0,USD,0,USD,10/9/13,NYSE:QTS,,
1145,1251,c:227029,0,USD,75000000,USD,10/9/13,NASDAQ:LDRH,http://www.burrillreport.com/article-ldr_holding_raises_75m_in_ipo_.html,LDR Holding Raises $75M in IPO
1146,1252,c:167824,0,USD,0,USD,1/1/00,NASDAQ:DCIN,,
1147,1253,,0,USD,0,USD,,NYSE:CMLP,,
1148,1254,c:271030,0,USD,0,USD,5/10/10,NYSE:CMLP,,
1149,1255,c:238165,0,USD,0,USD,,NYSE:TXMD,,
1150,1256,c:258330,0,USD,0,USD,1/16/09,NASDAQ:TEAR,,
1151,1258,c:271076,0,USD,0,USD,6/21/12,NASDAQ:HOTR,,
1152,1259,c:271559,0,USD,0,USD,5/23/07,NYSE:BGS,,
1153,1260,c:271575,0,USD,0,USD,6/28/05,NYSE:THS,,
1154,1261,c:5617,0,USD,0,USD,,NYSE: MEET,,
1155,1262,c:23311,0,USD,260000000,USD,10/16/13,NYSE:VEEV,http://www.bizjournals.com/sanjose/news/2013/10/15/veeva-ipo-beats-price-targets-raises.html?ana=RSS&s=article_search&utm_source=feedburner&utm_medium=feed&utm_campaign=Feed%3A+bizj_sanjose+%28Silicon+Valley+%2F+San+Jose+Business+Journal%29,"Veeva IPO beats price targets, raises $260 million"
1156,1263,c:272590,0,USD,0,USD,10/13/08,NASDAQ:PACT,,
1157,1264,c:223792,0,USD,0,USD,6/22/07,NYSE:BX,,
1158,1265,c:23230,0,USD,0,USD,10/18/13,NYSE:WUBA,,Dan Primack's Term Sheet 10/18/13
1159,1266,c:272813,0,USD,6500000,USD,10/18/13,NYSE:VJET,,Dan Primack's Term Sheet 10/18/13
1160,1267,c:273188,0,USD,0,USD,10/20/08,ASX:MEP,,
1161,1268,c:273194,0,USD,0,USD,10/20/08,ASX:BRW,,
1162,1269,c:34407,0,USD,0,USD,3/26/90,NASDAQ:TLAB,,
1163,1270,c:200605,0,USD,0,USD,1/29/92,NASDAQ:PDLI,,
1164,1271,c:173991,0,USD,0,USD,8/6/10,NASDAQ:PATH,,
1165,1272,c:274037,0,USD,0,USD,,NYSE:COLE,,
1166,1273,c:200799,0,USD,0,USD,1/1/00,NASDAQ:ADXS,,
1167,1274,c:260016,0,USD,0,USD,10/20/08,OTC:ADMA,,
1168,1275,c:274050,0,USD,0,USD,1/9/98,NASDAQ:HFWA,,
1169,1276,c:274053,0,USD,0,USD,6/23/98,NASDAQ:WBCO,,
1170,1277,c:274147,0,USD,0,USD,,NASDAQ:ACCI,,
1171,1278,,0,USD,0,USD,,TASE : HDST,,
1172,1279,c:263263,0,USD,0,USD,,OTCBB : HADSY,,
1173,1280,c:216469,0,USD,0,USD,,NYSE: CBI,,
1174,1281,c:206491,0,USD,0,USD,1/2/90,NASDAQ:RRD,,
1175,1282,c:205181,0,USD,0,USD,9/1/11,NYSE:NSPR,,
1176,1284,c:274499,0,USD,28000000,USD,,REPH,http://www.recropharma.com,Fortune Term Sheet
1177,1285,c:221060,0,USD,0,USD,12/31/09,NASDAQ:SRNE,,
1178,1286,c:70361,0,USD,0,USD,10/25/13,NASDAQ:AERI,,
1179,1287,c:12394,0,USD,577000000,USD,10/25/13,NASDAQ:COMM,http://www.pehub.com/2013/10/25/the-carlyle-groups-commscope-raises-577-mln-ipo/?utm_source=dlvr.it&utm_medium=twitter,The Carlyle Groups CommScope raises $577 mln for IPO
1180,1288,c:12422,0,USD,252000000,USD,10/25/13,NASDAQ:EIGI,http://www.bostonglobe.com/business/2013/10/25/endurance-web-hoster-endurance-raises-million-ipo/0mwVrnj7qmz3qefHXkRYyM/story.html?s_campaign=sm_tw,Web host company raises $252 million in IPO
1181,1289,c:26266,0,USD,0,USD,9/29/94,NYSE:NTT,,
1182,1290,c:275136,0,USD,0,USD,4/23/99,NASDAQ:HEOP,,
1183,1291,c:275461,0,USD,0,USD,,TSX:NVA,,
1184,1292,c:1867,0,USD,250000000,USD,10/30/13,NASDAQ:CRTO,http://www.reuters.com/article/2013/10/29/criteo-ipo-idUSL3N0IJ62D20131029?feedType=RSS&feedName=privateEquity,French firm Criteo raises $250 mln from IPO
1185,1293,c:275579,0,USD,0,USD,10/27/08,ASX:BLR,,
1186,1295,c:275902,0,USD,0,USD,,NASDAQ:MZOR,,
1187,1297,c:225697,0,USD,0,USD,,OTC:GNBP,,
1188,1298,c:276131,0,USD,0,USD,10/23/13,OTC:LBIO,,
1189,1299,c:273403,0,USD,225000000,USD,11/1/13,TCS,http://www.containerstore.com,The Container Store News
1190,1300,c:244337,0,USD,0,USD,,UHR:VX,,
1191,1301,c:207995,0,USD,0,USD,,LCTC,,
1192,1302,c:219391,0,USD,0,USD,,NYSE:ATK,,
1193,1303,c:210366,0,USD,0,USD,11/22/96,NASDAQ:TISA,,
1194,1304,c:3408,0,USD,0,USD,1/3/93,NYSE:ALU,,
1195,1305,c:196185,0,USD,0,USD,1/24/96,NASDAQ:OTEX,,
1196,1306,c:256803,0,USD,0,USD,9/3/11,OTC:PHOT,,
1197,1309,c:60796,0,USD,0,USD,11/6/13,NASDAQ:KPTI,,
1198,1310,c:12,18100000000,USD,1820000000,USD,11/7/13,NYSE:TWTR,http://techcrunch.com/2013/11/06/twitter-prices-ipo-at-26-per-share/,"Twitter Prices IPO Above Estimates At $26 Per Share, Raising $1.82B At Valuation Of Up To $18B"
1199,1311,c:214069,0,USD,0,USD,7/16/13,NASDAQ:OCRX,,
1200,1312,c:1105,750000000,USD,127000000,USD,11/6/13,NASDAQ:WIX,http://venturebeat.com/2013/11/06/website-builder-wix-raises-127m-in-largest-ever-ipo-for-israeli-firm/?utm_source=feedburner&utm_medium=feed&utm_campaign=Feed%3A+Venturebeat_deals+%28VentureBeat+%C2%BB+Deals%29,Website builder Wix raises $127M in largest-ever IPO for Israeli firm
1201,1313,c:277665,0,USD,1100000000,JPY,8/23/00,TYO:4776,http://www.prweb.com/releases/2000/08/prweb17505.htm,Cybozu Announces Initial Public Offering
1202,1314,c:38375,0,USD,0,USD,7/19/12,NASDAQ:DRTX,,
1203,1316,c:141620,0,USD,0,USD,11/20/00,NASDAQ:SLXP,,
1204,1317,c:200534,0,USD,0,USD,4/1/04,NASDAQ:SNTS,,
1205,1318,c:277914,0,USD,0,USD,,NASDAQ:ATX,,
1206,1319,c:257187,0,USD,0,USD,1/1/08,OTCBQ: MCVE,,
1207,1320,c:261811,0,USD,0,USD,,"MQG, MQBKY",,
1208,1321,c:277981,0,USD,0,USD,,TLM,,
1209,1322,c:162608,0,USD,0,USD,,NYSE:COP,,
1210,1323,c:268288,0,USD,74000000,USD,11/21/13,NYSE:EVGN,http://www.globes.co.il/serveen/globes/docview.asp?did=1000895913&fid=1725,Evogene raises $74m in New York
1211,1324,c:51364,0,USD,0,USD,12/3/04,AIM:AND,http://www.andor.com/company,
1212,1325,c:26921,0,USD,0,USD,1/15/99,LSE:OXIG,,
1213,1326,c:82151,0,USD,0,USD,1/5/11,OTC:BARZ,,
1214,1327,c:279132,0,USD,0,USD,4/6/00,NYSE:PTR,,
1215,1328,c:6369,0,USD,0,USD,,TSX:GXI,,
1216,1329,c:145061,0,USD,0,USD,12/26/08,OTC:TTNP,,
1217,1330,c:279371,0,USD,0,USD,7/8/08,OTC:QRXPY,,
1218,1332,c:279014,0,USD,0,USD,11/13/13,NYSE:STAY,http://www.bizjournals.com/charlotte/blog/bank_notes/2013/11/extended-stay-shares-shoot-higher.html,Extended Stay shares shoot higher following $565M IPO
1219,1333,c:40228,0,USD,138000000,USD,11/17/08,NASDAQ:TNDM,http://www.massdevice.com/news/tandem-diabetes-closes-138m-ipo,Tandem Diabetes closes $138M IPO
1220,1334,c:37940,0,USD,263000000,USD,11/15/13,NASDAQ:ZU,http://pandodaily.com/news/zulily-raises-263m-in-ipo-commands-2-68b-initial-market-cap/?utm_source=dlvr.it&utm_medium=twitter,"Zulily raises $263M in IPO, commands $2.68B initial market cap"
1221,1335,c:280553,0,USD,0,USD,,OTC:ZTHO,,
1222,1336,c:28922,0,USD,0,USD,1/1/00,NYSE:ICE,,
1223,1337,c:280761,0,USD,0,USD,6/10/98,NYSE:DVN,,
1224,1338,c:205153,0,USD,0,USD,5/1/13,OTC:MLSS,,
1225,1340,c:280991,0,USD,0,USD,11/10/10,OTCBB:GBSX,,
1226,1341,c:281393,0,USD,0,USD,10/26/09,NASDAQ:IPCI,,
1227,1343,c:36485,0,USD,64000000,USD,11/22/13,OXFD,http://www.oxfordimmunotec.com,
1228,1344,c:281519,0,USD,200000000,USD,11/22/13,NYSE:VNCE,http://www.vince.com,Vince Raises $200 Million Pricing IPO Above Marketed Range
1229,1345,c:281663,0,USD,228000000,USD,11/21/13,NYSE:NVGS,http://www.marinelog.com/index.php?option=com_k2&view=item&id=5882:wilbur-ross-controlled-navigator-raises-8-million-in-ipo&Itemid=231,Wilbur Ross controlled Navigator raises $228 million in IPO
1230,1346,c:281988,0,USD,0,USD,1/13/12,NYSE:RSE,,
1231,1347,c:27295,0,USD,24400000000,GBP,,TSCO.L,,
1232,1348,c:46339,0,USD,0,USD,,CAH,http://ir.cardinalhealth.com/,Cardinal Health
1233,1349,c:24054,0,USD,0,USD,,Euronext: CA,,
1234,1351,c:279449,0,USD,79000000,USD,11/24/13,NASDAQ:GOMO,http://www.chinamoneypodcast.com/2013/11/24/pe-backed-sungy-mobile-completes-79m-ipo,PE-Backed Sungy Mobile Completes $79M IPO
1235,1352,c:223939,0,USD,0,USD,,HSIC,,
1236,1353,c:75577,0,USD,0,USD,12/7/99,NASDAQ:HPOL,,
1237,1354,c:282477,0,USD,0,USD,6/28/07,NASDAQ:NWBO,,
1238,1355,c:225182,0,USD,84500000,USD,2/26/09,NASDAQ:CSII,http://www.massdevice.com/news/cardiovascular-systems-raises-845m-through-public-offering,Cardiovascular Systems raises $84.5M through public offering
1239,1356,c:185523,38600,USD,11800,USD,12/9/99,SZ002315,http://quote.eastmoney.com/sz002315.html,made-in-china.com stock
1240,1357,c:85862,0,USD,86250000,USD,12/1/08,NASDAQ:INGN,http://www.pehub.com/2013/12/vc-backed-inogen-files-for-86-25-mln-ipo-fortune/?utm_source=dlvr.it&utm_medium=twitter,VC-backed Inogen files for $86.25 mln IPO  Fortune
1241,1358,c:283827,0,USD,0,USD,,NYSE:ASGN ,,
1242,1359,c:17533,0,USD,124600000,USD,7/6/07,NASDAQ: SPRD,http://www.reuters.com/article/2007/06/27/spreadtrumcommunications-ipo-idUSWEN90042007062,Spreadtrum Communications IPO prices above range
1243,1360,c:284081,0,USD,0,USD,7/17/13,NYSE:NYLD,,
1244,1361,c:284194,0,USD,0,USD,1/1/00,NYSE:ACT,,
1245,1362,c:213595,0,USD,70000000,USD,12/3/13,Nasdaq:XNCR,http://www.seattlepi.com/business/article/Xencor-trades-higher-after-IPO-prices-at-70M-5030649.php,Xencor trades higher after IPO prices at $70M
1246,1363,c:285039,0,USD,0,USD,,ASX:TPM,,
1247,1364,c:285065,0,USD,0,USD,1/2/90,OTC:CMI,,
1248,1365,c:31659,0,USD,0,USD,2/12/01,OTC:RHHBY,,
1249,1366,c:212794,0,USD,0,USD,1/1/90,UNH,http://dealbook.on.nytimes.com/public/overview?symbol=UNH,
1250,1367,c:220209,0,USD,0,USD,10/26/12,NYSE:WWAV,,
1251,1368,c:157681,0,USD,0,USD,8/28/09,NYSE:CFN,,
1252,1369,c:258527,0,USD,0,USD,,NYSE:MRC,,
1253,1370,c:36508,0,USD,43000000,USD,12/11/13,TYO:3681,http://newsroom.intel.com/community/intel_newsroom/blog/2013/12/10/chip-shot-intel-capital-portfolio-company-v-cube-completes-ipo,Chip Shot: Intel Capital Portfolio Company V-Cube Completes IPO
1254,1371,c:152753,0,USD,0,USD,12/5/85,NASDAQ:COST,http://phx.corporate-ir.net/phoenix.zhtml?c=83830&p=irol-faq,Costco Investor Relations
1255,1372,c:267859,0,USD,0,USD,,NYSE:EBS,,
1256,1373,c:39330,0,USD,725000000,USD,12/11/13,NYSE:ARMK,http://www.reuters.com/article/2013/12/11/aramark-ipopricing-idUSL3N0JQ45620131211?feedType=RSS&feedName=privateEquity,Food services firm Aramark raises $725 mln in IPO - underwriter
1257,1374,c:220208,0,USD,2350000000,USD,12/8/08,NYSE:HLT,http://news.hiltonworldwide.com/index.cfm/newsroom/detail/26019,Hilton Worldwide Prices Initial Public Offering
1258,1375,c:243568,0,USD,0,USD,,OTC:BCLI,,
1259,1376,c:235945,0,USD,53000000,USD,,NASDAQ:KIN,http://www.bizjournals.com/sanjose/news/2013/12/12/kindred-biosciences-raises-53-million.html?ana=RSS&s=article_search&utm_source=twitterfeed&utm_medium=twitter&utm_campaign=Feed%3A+bizj_sanjose+%28Silicon+Valley+%2F+San+Jose+Business+Journal%29,Kindred Biosciences raises $53 million in IPO